,,,,,,,,,1,2,3,4,5,6,7,8,9,10,11,12,13,14,15,16,17,18,19,20,21,22,23,24,25,26,27,28,29,30,31,32,33,34,35,36,37,38,39,40,41,42,43,44,45,46,47,48,49,50,
,,,,,,,,,1,2,3,4,5,6,7,8,9,10,11,12,13,14,15,16,17,18,19,20,21,22,23,24,25,26,27,28,29,30,31,32,33,34,35,36,37,38,39,40,41,42,43,44,45,46,47,48,49,50,
,,,,,,,戻る,,,,,,,,,,,,,,,,,,,,,,,,,,,,,,,,,,,,,,,,,,,,,,,,,,,,
,,,,,,,,第２表　産業分類細分類別、法人・個人別、男女別の就業者数、従業者数（内訳別）、臨時雇用者数、従業者・臨時雇用者のうち他への出向・派遣従業者数、,,,,,,,,,,,,,,,,,,,,,,,,,,,,,,,,,,,,,,,,,,,,,,,,,,,
,,,,,,,,　　　　他からの出向・派遣従業者数及びパート・アルバイトなどの８時間換算雇用者数,,,,,,,,,,,,,,,,,,,,,,,,,,,,,,,,,,,,,,,,,,,,,,,,,,,
,,,,,,,,,,,,,,,,,,,,,,,,,,,,,,,,,,,,,,,,,,,,,,,,,,,,,,,,,,,
,,,,,,,,産業分類,合　　計,,,,,,法　　人,,,,,,,,,,,,,,,,,,,,,個　　人,,,,,,,,,,,,,,,,,,,,,,,
,,,,,,,,,,,,,,,,,,,,,,,,,,,,,,,,,,,,,,,,,,,,,,,,,,,,,,,,,,,
,,,,,,,,,就業者数,,,従業者数,,,従　業　者　数,,,,,,,,,,,,臨時雇用者数,,従業者・臨時雇用者のうち他への出向・派遣従業者数,,他からの派遣従業者数,,,,パート・アルバイトなどの８時間換算雇用者数,従　業　者　数,,,,,,,,,,,,,,臨時雇用者数,,従業者・臨時雇用者のうち他への出向・派遣従業者数,,他からの派遣従業者数,,,,パート・アルバイトなどの８時間換算雇用者数,
,,,,,,,,,,,,,,,計,,,有給役員,,常用雇用者数,,,,,,,,,,,出向,,派遣,,,計,,,個人業主,,無給家族従業者,,常用雇用者数,,,,,,,,,,,出向,,派遣,,,
,,,,,,,,,,,,,,,,,,,,計,,,正社員・正職員,,パート・アルバイトなど,,,,,,,,,,,,,,,,,,計,,,正社員・正職員,,パート・アルバイトなど,,,,,,,,,,,
,,,,,,,,,,,,,,,,,,,,,,,,,,,,,,,,,,,,,,,,,,,,,,,,,,,,,,,,,,,
,,,,,,,,,（人）,,,（人）,,,（人）,,,（人）,,（人）,,,（人）,,（人）,,（人）,,（人）,,（人）,,（人）,,,（人）,,,（人）,,（人）,,（人）,,,（人）,,（人）,,（人）,,（人）,,（人）,,（人）,,,
,,,,,,,,,計,男,女,計,男,女,計,男,女,男,女,計,男,女,男,女,男,女,男,女,男,女,男,女,男,女,（人）,計,男,女,男,女,男,女,計,男,女,男,女,男,女,男,女,男,女,男,女,男,女,（人）,
00200,            ,            ,  ,,1,,,合計,"9,147,453","4,568,221","4,579,232","8,672,803","4,417,843","4,254,960","7,613,316","3,907,609","3,705,707","434,260","188,611","6,990,445","3,473,349","3,517,096","2,568,275","1,093,675","905,074","2,423,421","101,494","165,029","60,504","15,042","66,236","82,148","23,924","64,657","2,273,741","1,059,487","510,234","549,253","266,618","90,793","30,503","112,199","559,374","213,113","346,261","85,418","125,294","127,695","220,967","19,663","27,701","1,011",882,347,335,229,326,"226,859",
00200,            ,            ,  ,,2,,,卸売業計,"2,883,531","1,935,577","947,954","2,804,386","1,909,470","894,916","2,702,131","1,852,394","849,737","214,936","70,664","2,416,531","1,637,458","779,073","1,482,441","492,949","155,017","286,124","28,324","25,333","54,688","10,361","37,305","8,112","12,261","27,119","343,840","102,255","57,076","45,179","32,186","5,059","3,118","11,186","50,706","21,772","28,934","15,785","16,525","5,987","12,409","2,865","2,823",98,70,71,32,67,50,"14,811",
00200,            ,            ,  ,,3,,50,各種商品卸売業,"31,459","20,349","11,110","31,960","22,052","9,908","31,724","21,915","9,809","1,410",377,"29,937","20,505","9,432","19,117","7,830","1,388","1,602",539,323,"2,909",584,602,150,66,"1,313","2,376",236,137,99,75,6,5,22,128,57,71,51,56,6,15,1,-,2,-,-,-,-,-,20,
00200,            ,            ,  ,,4,,5011,各種商品卸売業(従業者が常時100人以上のもの),"17,375","11,114","6,261","18,343","12,967","5,376","18,343","12,967","5,376",250,7,"18,086","12,717","5,369","12,065","5,117",652,252,406,236,"2,705",511,406,103,40,"1,057",723,-,-,-,-,-,-,-,-,-,-,-,-,-,-,-,-,-,-,-,-,-,-,-,
00200,            ,            ,  ,,5,,5019,その他の各種商品卸売業,"14,084","9,235","4,849","13,617","9,085","4,532","13,381","8,948","4,433","1,160",370,"11,851","7,788","4,063","7,052","2,713",736,"1,350",133,87,204,73,196,47,26,256,"1,653",236,137,99,75,6,5,22,128,57,71,51,56,6,15,1,-,2,-,-,-,-,-,20,
00200,            ,            ,  ,,6,,51,繊維・衣服等卸売業,"190,765","93,508","97,257","185,764","92,811","92,953","180,273","90,004","90,269","15,973","5,867","158,433","74,031","84,402","67,370","53,987","6,661","30,415","1,773","3,339","2,171","1,048",838,431,198,"1,434","29,184","5,491","2,807","2,684","1,946",528,135,689,"2,193",726,"1,467",567,795,159,672,62,165,5,21,2,1,-,3,728,
00200,            ,            ,  ,,7,,511,繊維品卸売業(衣服，身の回り品を除く),"26,680","16,322","10,358","26,875","17,039","9,836","25,693","16,341","9,352","3,083","1,036","21,574","13,258","8,316","12,343","6,377",915,"1,939",426,372,"1,442",363,244,70,39,434,"2,356","1,182",698,484,483,46,29,148,476,186,290,146,202,40,88,16,9,-,-,-,-,-,-,112,
00200,            ,            ,  ,,8,,5111,繊維原料卸売業,"7,110","4,390","2,720","8,206","5,504","2,702","8,011","5,375","2,636",657,226,"7,128","4,718","2,410","4,441","1,936",277,474,21,24,"1,257",336,100,22,20,307,614,195,129,66,74,6,6,18,91,49,42,33,29,16,13,2,1,-,-,-,-,-,-,27,
00200,            ,            ,  ,,9,,5112,糸卸売業,"3,102","1,789","1,313","3,072","1,800","1,272","2,876","1,699","1,177",415,157,"2,304","1,284","1,020","1,160",726,124,294,25,21,58,4,18,9,4,15,331,196,101,95,81,17,3,37,58,17,41,15,26,2,15,-,-,-,-,-,-,-,-,14,
00200,            ,            ,  ,,10,,5113,織物卸売業(室内装飾繊維品を除く),"16,468","10,143","6,325","15,597","9,735","5,862","14,806","9,267","5,539","2,011",653,"12,142","7,256","4,886","6,742","3,715",514,"1,171",380,327,127,23,126,39,15,112,"1,411",791,468,323,328,23,20,93,327,120,207,98,147,22,60,14,8,-,-,-,-,-,-,71,
00200,            ,            ,  ,,11,,512,衣服卸売業,"89,627","41,291","48,336","87,225","40,713","46,512","84,906","39,672","45,234","6,575","2,460","75,871","33,097","42,774","30,253","27,705","2,844","15,069",548,"1,401",442,347,373,274,71,450,"14,049","2,319","1,041","1,278",705,374,58,255,927,278,649,212,287,66,362,29,63,2,21,1,1,-,3,378,
00200,            ,            ,  ,,12,,5121,男子服卸売業,"19,771","11,376","8,395","19,205","11,111","8,094","18,751","10,832","7,919","1,786",579,"16,386","9,046","7,340","8,154","4,659",892,"2,681",189,218,57,29,92,45,33,63,"2,713",454,279,175,180,17,17,58,182,82,100,57,61,25,39,7,3,-,-,1,1,-,-,52,
00200,            ,            ,  ,,13,,5122,婦人・子供服卸売業,"46,964","20,300","26,664","45,622","20,086","25,536","44,624","19,605","25,019","3,059","1,116","40,449","16,546","23,903","15,187","15,360","1,359","8,543",216,906,227,197,182,154,25,251,"7,670",998,481,517,331,92,21,117,437,129,308,103,145,26,163,19,20,1,9,-,-,-,3,162,
00200,            ,            ,  ,,14,,5123,下着類卸売業,"12,734","4,295","8,439","12,496","4,254","8,242","11,977","4,152","7,825",810,485,"10,682","3,342","7,340","3,116","5,355",226,"1,985",56,95,63,28,43,40,3,72,"1,870",519,102,417,66,239,13,29,172,23,149,17,31,6,118,3,18,1,-,-,-,-,-,119,
00200,            ,            ,  ,,15,,5129,その他の衣服卸売業,"10,158","5,320","4,838","9,902","5,262","4,640","9,554","5,083","4,471",920,280,"8,354","4,163","4,191","3,796","2,331",367,"1,860",87,182,95,93,56,35,10,64,"1,796",348,179,169,128,26,7,51,136,44,92,35,50,9,42,-,22,-,12,-,-,-,-,45,
00200,            ,            ,  ,,16,,513,身の回り品卸売業,"74,458","35,895","38,563","71,664","35,059","36,605","69,674","33,991","35,683","6,315","2,371","60,988","27,676","33,312","24,774","19,905","2,902","13,407",799,"1,566",287,338,221,87,88,550,"12,779","1,990","1,068",922,758,108,48,286,790,262,528,209,306,53,222,17,93,3,-,1,-,-,-,238,
00200,            ,            ,  ,,17,,5131,寝具類卸売業,"7,080","3,847","3,233","6,579","3,684","2,895","6,379","3,573","2,806",596,202,"5,581","2,977","2,604","2,563","1,580",414,"1,024",158,311,13,4,14,4,4,24,"1,186",200,111,89,89,7,3,45,56,19,37,15,29,4,8,-,3,-,-,-,-,-,-,11,
00200,            ,            ,  ,,18,,5132,靴・履物卸売業,"15,173","8,191","6,982","14,668","8,005","6,663","14,263","7,772","6,491","1,181",442,"12,640","6,591","6,049","5,847","3,563",744,"2,486",151,224,51,51,60,15,26,116,"2,525",405,233,172,166,15,12,67,145,55,90,46,52,9,38,-,15,-,-,-,-,-,-,42,
00200,            ,            ,  ,,19,,5133,かばん・袋物卸売業,"11,971","5,515","6,456","11,656","5,425","6,231","11,402","5,300","6,102","1,107",413,"9,882","4,193","5,689","3,836","3,915",357,"1,774",87,170,13,33,12,2,4,80,"1,755",254,125,129,81,19,4,32,118,40,78,34,42,6,36,1,6,1,-,-,-,-,-,38,
00200,            ,            ,  ,,20,,5139,その他の身の回り品卸売業,"40,234","18,342","21,892","38,761","17,945","20,816","37,630","17,346","20,284","3,431","1,314","32,885","13,915","18,970","12,528","10,847","1,387","8,123",403,861,210,250,135,66,54,330,"7,313","1,131",599,532,422,67,29,142,471,148,323,114,183,34,140,16,69,2,-,1,-,-,-,147,
00200,            ,            ,  ,,21,,52,飲食料品卸売業,"647,958","400,072","247,886","623,014","389,703","233,311","582,558","368,060","214,498","49,208","17,108","516,242","318,852","197,390","261,715","88,413","57,137","108,977","8,048","9,044","7,045","1,602","6,419","2,021","1,680","3,865","120,783","40,456","21,643","18,813","11,463","1,625","1,372","4,659","21,337","8,808","12,529","5,740","6,672","3,068","5,857","1,243","1,241",30,26,24,13,30,19,"7,059",
00200,            ,            ,  ,,22,,521,農畜産物・水産物卸売業,"314,837","200,035","114,802","304,479","195,393","109,086","280,023","181,898","98,125","29,176","9,415","241,432","152,722","88,710","118,669","37,262","34,053","51,448","4,249","3,890","3,149",720,"1,824",433,785,"1,339","61,805","24,456","13,495","10,961","6,600",720,752,"2,555","13,829","6,143","7,686","4,062","4,134","2,081","3,552",906,766,16,15,19,9,24,14,"4,484",
00200,            ,            ,  ,,23,,5211,米麦卸売業,"20,254","13,559","6,695","19,305","12,950","6,355","17,446","11,878","5,568","2,369",819,"14,258","9,509","4,749","8,111","2,833","1,398","1,916",441,221,132,35,132,30,43,71,"2,577","1,859","1,072",787,581,66,53,223,936,438,498,325,343,113,155,126,53,4,-,1,-,2,-,227,
00200,            ,            ,  ,,24,,5212,雑穀・豆類卸売業,"6,830","4,355","2,475","6,673","4,309","2,364","6,273","4,087","2,186",861,334,"5,078","3,226","1,852","2,940","1,133",286,719,46,63,68,18,44,1,18,53,777,400,222,178,127,11,14,50,198,81,117,62,73,19,44,7,13,1,1,-,-,-,-,52,
00200,            ,            ,  ,,25,,5213,野菜卸売業,"96,258","57,456","38,802","92,855","55,940","36,915","85,748","52,265","33,483","8,101","2,433","75,214","44,164","31,050","31,825","10,195","12,339","20,855","1,103","1,323",628,165,528,205,311,305,"22,852","7,107","3,675","3,432","1,766",199,212,693,"4,237","1,697","2,540","1,025","1,227",672,"1,313",197,218,5,3,7,4,3,-,"1,533",
00200,            ,            ,  ,,26,,5214,果実卸売業,"18,891","11,246","7,645","17,569","10,745","6,824","16,136","9,959","6,177","1,852",569,"13,715","8,107","5,608","6,259","2,210","1,848","3,398",362,627,82,44,85,32,40,77,"3,931","1,433",786,647,355,34,46,144,854,385,469,220,261,165,208,92,129,-,-,4,-,-,-,294,
00200,            ,            ,  ,,27,,5215,食肉卸売業,"57,716","36,442","21,274","56,481","36,034","20,447","51,040","33,067","17,973","4,449","1,665","44,926","28,618","16,308","22,916","6,487","5,702","9,821",660,581,"1,104",291,547,85,195,357,"11,713","5,441","2,967","2,474","1,522",172,168,621,"2,958","1,277","1,681",909,919,368,762,97,92,2,6,-,1,15,8,909,
00200,            ,            ,  ,,28,,5216,生鮮魚介卸売業,"86,832","60,484","26,348","84,295","59,214","25,081","77,823","55,411","22,412","9,031","2,854","65,938","46,380","19,558","36,460","10,013","9,920","9,545","1,341",784,766,105,255,39,151,352,"14,345","6,472","3,803","2,669","1,755",197,203,627,"3,690","1,845","1,845","1,280","1,062",565,783,285,194,4,4,5,4,3,3,"1,115",
00200,            ,            ,  ,,29,,5219,その他の農畜産物・水産物卸売業,"28,056","16,493","11,563","27,301","16,201","11,100","25,557","15,231","10,326","2,513",741,"22,303","12,718","9,585","10,158","4,391","2,560","5,194",296,291,369,62,233,41,27,124,"5,610","1,744",970,774,494,41,56,197,956,420,536,241,249,179,287,102,67,-,1,2,-,1,3,354,
00200,            ,            ,  ,,30,,522,食料・飲料卸売業,"333,121","200,037","133,084","318,535","194,310","124,225","302,535","186,162","116,373","20,032","7,693","274,810","166,130","108,680","143,046","51,151","23,084","57,529","3,799","5,154","3,896",882,"4,595","1,588",895,"2,526","58,978","16,000","8,148","7,852","4,863",905,620,"2,104","7,508","2,665","4,843","1,678","2,538",987,"2,305",337,475,14,11,5,4,6,5,"2,575",
00200,            ,            ,  ,,31,,5221,砂糖・味そ・しょう油卸売業,"7,332","4,912","2,420","7,111","4,828","2,283","6,562","4,546","2,016",717,203,"5,642","3,829","1,813","3,529","1,134",300,679,69,44,78,11,60,10,17,51,742,549,282,267,176,36,22,92,223,84,139,50,90,34,49,14,42,-,-,-,-,2,1,69,
00200,            ,            ,  ,,32,,5222,酒類卸売業,"32,846","23,504","9,342","30,768","22,162","8,606","29,895","21,676","8,219","2,060",691,"27,144","19,616","7,528","16,957","4,471","2,659","3,057",264,142,458,142,"1,453",416,69,318,"4,315",873,486,387,263,54,27,103,426,196,230,153,162,43,68,14,4,-,2,-,-,-,-,94,
00200,            ,            ,  ,,33,,5223,乾物卸売業,"17,133","8,411","8,722","16,532","8,236","8,296","15,015","7,496","7,519","1,929",816,"12,270","5,567","6,703","4,726","2,590",841,"4,113",164,361,38,9,26,9,9,30,"3,676","1,517",740,777,468,73,65,181,730,207,523,137,272,70,251,15,35,1,-,-,-,-,-,265,
00200,            ,            ,  ,,34,,5224,菓子・パン類卸売業,"52,002","26,324","25,678","50,661","25,888","24,773","46,288","23,830","22,458","2,642","1,068","42,578","21,188","21,390","16,840","7,996","4,348","13,394",271,693,377,211,372,108,92,160,"12,087","4,373","2,058","2,315","1,259",243,179,573,"2,119",620,"1,499",432,702,188,797,82,153,10,4,3,3,3,3,786,
00200,            ,            ,  ,,35,,5225,飲料卸売業(別掲を除く),"29,354","19,448","9,906","26,056","17,996","8,060","25,399","17,635","7,764","1,245",465,"23,689","16,390","7,299","15,226","3,954","1,164","3,345","1,242","1,495",371,17,505,105,66,252,"3,318",657,361,296,206,29,28,84,310,127,183,78,96,49,87,11,11,1,-,-,-,-,-,98,
00200,            ,            ,  ,,36,,5226,茶類卸売業,"11,112","5,957","5,155","10,841","5,954","4,887","9,721","5,386","4,335","1,107",515,"8,099","4,279","3,820","3,438","1,615",841,"2,205",130,240,174,36,15,6,3,32,"2,277","1,120",568,552,387,60,42,157,474,139,335,108,195,31,140,29,29,1,3,1,-,-,-,142,
00200,            ,            ,  ,,37,,5227,牛乳・乳製品卸売業,"24,659","14,307","10,352","23,642","14,034","9,608","21,009","12,501","8,508","1,246",435,"19,328","11,255","8,073","9,466","3,754","1,789","4,319",158,603,144,8,117,14,93,92,"4,438","2,633","1,533","1,100",814,90,92,345,"1,292",627,665,270,347,357,318,48,43,-,1,-,-,1,1,482,
00200,            ,            ,  ,,38,,5229,その他の食料・飲料卸売業,"158,683","97,174","61,509","152,924","95,212","57,712","148,646","93,092","55,554","9,086","3,500","136,060","84,006","52,054","72,864","25,637","11,142","26,417","1,501","1,576","2,256",448,"2,047",920,546,"1,591","28,125","4,278","2,120","2,158","1,290",320,165,569,"1,934",665,"1,269",450,674,215,595,124,158,1,1,1,1,-,-,639,
00200,            ,            ,  ,,39,,53,建築材料，鉱物・金属材料等卸売業,"588,922","427,096","161,826","579,645","425,865","153,780","560,666","413,195","147,471","55,443","16,849","488,374","357,752","130,622","330,103","102,134","27,649","28,488","6,088","2,619","16,044","2,206","8,273","1,592","2,111","5,884","47,012","18,979","12,670","6,309","6,832",382,591,"2,048","9,126","5,247","3,879","4,162","2,970","1,085",909,769,137,22,1,29,3,27,18,"1,737",
00200,            ,            ,  ,,40,,531,建築材料卸売業,"209,734","153,150","56,584","203,509","149,505","54,004","194,996","143,875","51,121","22,277","6,940","165,779","121,598","44,181","113,317","33,906","8,281","10,275","2,495","1,020","1,554",302,"1,960",343,402,"1,472","16,216","8,513","5,630","2,883","3,276",143,234,974,"3,886","2,120","1,766","1,801","1,419",319,347,337,45,5,-,7,1,3,1,606,
00200,            ,            ,  ,,41,,5311,木材・竹材卸売業,"44,292","32,196","12,096","43,019","31,418","11,601","40,124","29,490","10,634","6,205","1,888","32,031","23,285","8,746","21,175","6,053","2,110","2,693",612,281,154,14,172,24,50,188,"4,317","2,895","1,928",967,"1,092",39,98,336,"1,330",738,592,643,476,95,116,97,15,2,-,-,-,3,1,198,
00200,            ,            ,  ,,42,,5312,セメント卸売業,"7,171","5,423","1,748","6,969","5,320","1,649","6,806","5,210","1,596",940,271,"5,595","4,270","1,325","3,970","1,044",300,281,105,30,150,8,85,22,51,55,468,163,110,53,52,3,13,17,78,45,33,33,25,12,8,11,-,-,-,1,-,-,-,20,
00200,            ,            ,  ,,43,,5313,板ガラス卸売業,"5,843","4,384","1,459","5,635","4,242","1,393","5,068","3,854","1,214",560,181,"4,327","3,294","1,033","2,997",792,297,241,55,14,70,4,123,31,16,24,479,567,388,179,246,7,12,72,230,130,100,98,84,32,16,18,1,-,-,-,-,-,-,36,
00200,            ,            ,  ,,44,,5314,建築用金属製品卸売業(建築用金物を除く),"36,136","26,684","9,452","34,892","25,960","8,932","32,557","24,403","8,154","3,271","1,026","28,260","21,132","7,128","20,012","5,258","1,120","1,870",390,153,165,33,362,46,25,344,"2,649","2,335","1,557",778,964,30,50,268,"1,023",543,480,463,393,80,87,113,10,1,-,-,-,-,-,147,
00200,            ,            ,  ,,45,,5319,その他の建築材料卸売業,"116,292","84,463","31,829","112,994","82,565","30,429","110,441","80,918","29,523","11,301","3,574","95,566","69,617","25,949","65,163","20,759","4,454","5,190","1,333",542,"1,015",243,"1,218",220,260,861,"8,303","2,553","1,647",906,922,64,61,281,"1,225",664,561,564,441,100,120,98,19,2,-,6,1,-,-,205,
00200,            ,            ,  ,,46,,532,化学製品卸売業,"151,638","107,237","44,401","150,029","108,399","41,630","148,081","107,260","40,821","13,441","3,869","130,771","93,819","36,952","88,318","29,665","5,501","7,287","1,150",667,"5,738",600,"2,935",574,456,"2,108","10,518","1,948","1,139",809,690,65,49,232,912,400,512,343,383,57,129,28,19,1,-,2,-,6,3,174,
00200,            ,            ,  ,,47,,5321,塗料卸売業,"23,011","16,711","6,300","22,340","16,372","5,968","21,604","15,936","5,668","2,507",896,"18,201","13,429","4,772","12,614","3,770",815,"1,002",196,80,382,47,429,68,84,221,"1,586",736,436,300,270,19,12,97,338,154,184,137,146,17,38,10,9,-,-,1,-,1,1,53,
00200,            ,            ,  ,,48,,5322,プラスチック卸売業,"46,139","31,453","14,686","45,468","31,606","13,862","44,927","31,296","13,631","3,966","1,220","39,741","27,330","12,411","25,644","9,335","1,686","3,076",239,169,"1,408",225,933,238,77,634,"3,812",541,310,231,191,18,15,52,265,104,161,86,111,18,50,7,7,1,-,-,-,-,1,63,
00200,            ,            ,  ,,49,,5329,その他の化学製品卸売業,"82,488","59,073","23,415","82,221","60,421","21,800","81,550","60,028","21,522","6,968","1,753","72,829","53,060","19,769","50,060","16,560","3,000","3,209",715,418,"3,948",328,"1,573",268,295,"1,253","5,120",671,393,278,229,28,22,83,309,142,167,120,126,22,41,11,3,-,-,1,-,5,1,58,
00200,            ,            ,  ,,50,,533,石油・鉱物卸売業,"58,549","44,251","14,298","60,470","46,618","13,852","59,940","46,255","13,685","4,465","1,001","54,474","41,790","12,684","37,154","9,547","4,636","3,137",475,263,"4,458",650,"1,422",212,159,610,"6,144",530,363,167,156,11,17,54,292,190,102,162,78,28,24,25,8,2,-,12,-,-,3,45,
00200,            ,            ,  ,,51,,5331,石油卸売業,"54,489","41,419","13,070","56,484","43,795","12,689","56,016","43,477","12,539","3,891",847,"51,278","39,586","11,692","35,095","8,700","4,491","2,992",461,251,"4,373",630,"1,348",198,155,553,"5,879",468,318,150,134,9,14,47,264,170,94,147,73,23,21,22,7,1,-,12,-,-,2,38,
00200,            ,            ,  ,,52,,5332,鉱物卸売業(石油を除く),"4,060","2,832","1,228","3,986","2,823","1,163","3,924","2,778","1,146",574,154,"3,196","2,204",992,"2,059",847,145,145,14,12,85,20,74,14,4,57,265,62,45,17,22,2,3,7,28,20,8,15,5,5,3,3,1,1,-,-,-,-,1,7,
00200,            ,            ,  ,,53,,534,鉄鋼製品卸売業,"87,479","62,180","25,299","87,021","63,150","23,871","86,047","62,540","23,507","6,976","1,948","77,123","55,564","21,559","52,323","18,417","3,241","3,142",894,329,"3,476",535,"1,283",354,324,"1,268","5,619",974,610,364,346,27,22,94,485,242,243,212,199,30,44,5,12,-,-,-,-,-,-,65,
00200,            ,            ,  ,,54,,5341,鉄鋼粗製品卸売業,"6,548","4,866","1,682","6,290","4,727","1,563","6,175","4,651","1,524",669,211,"5,295","3,982","1,313","3,732","1,033",250,280,93,30,42,3,75,41,13,50,463,115,76,39,40,2,2,15,56,34,22,30,20,4,2,-,1,-,-,-,-,-,-,6,
00200,            ,            ,  ,,55,,5342,鉄鋼一次製品卸売業,"56,569","39,903","16,666","56,998","41,285","15,713","56,420","40,917","15,503","4,345","1,178","50,897","36,572","14,325","34,750","12,577","1,822","1,748",517,214,"3,097",507,961,263,235,976,"3,120",578,368,210,199,18,13,44,304,156,148,140,123,16,25,2,7,-,-,-,-,-,-,36,
00200,            ,            ,  ,,56,,5349,その他の鉄鋼製品卸売業,"24,362","17,411","6,951","23,733","17,138","6,595","23,452","16,972","6,480","1,962",559,"20,931","15,010","5,921","13,841","4,807","1,169","1,114",284,85,337,25,247,50,76,242,"2,036",281,166,115,107,7,7,35,125,52,73,42,56,10,17,3,4,-,-,-,-,-,-,23,
00200,            ,            ,  ,,57,,535,非鉄金属卸売業,"25,051","17,074","7,977","24,239","16,739","7,500","23,673","16,422","7,251","2,303",687,"20,683","14,119","6,564","13,116","5,007","1,003","1,557",209,95,331,46,342,70,106,342,"2,179",566,317,249,177,25,20,55,289,120,169,93,99,27,70,9,15,-,-,-,1,-,-,78,
00200,            ,            ,  ,,58,,5351,非鉄金属地金卸売業,"6,616","4,171","2,445","6,456","4,127","2,329","6,193","3,994","2,199",619,228,"5,346","3,375","1,971","3,104","1,241",271,730,37,27,88,20,66,12,24,87,846,263,133,130,75,16,10,23,139,48,91,40,46,8,45,5,10,-,-,-,-,-,-,40,
00200,            ,            ,  ,,59,,5352,非鉄金属製品卸売業,"18,435","12,903","5,532","17,783","12,612","5,171","17,480","12,428","5,052","1,684",459,"15,337","10,744","4,593","10,012","3,766",732,827,172,68,243,26,276,58,82,255,"1,333",303,184,119,102,9,10,32,150,72,78,53,53,19,25,4,5,-,-,-,1,-,-,38,
00200,            ,            ,  ,,60,,536,再生資源卸売業,"56,471","43,204","13,267","54,377","41,454","12,923","47,929","36,843","11,086","5,981","2,404","39,544","30,862","8,682","25,875","5,592","4,987","3,090",865,245,487,73,331,39,664,84,"6,336","6,448","4,611","1,837","2,187",111,249,639,"3,262","2,175","1,087","1,551",792,624,295,365,38,14,1,8,1,18,11,769,
00200,            ,            ,  ,,61,,5361,空瓶・空缶等空容器卸売業,"3,402","2,461",941,"3,250","2,338",912,"2,848","2,046",802,386,147,"2,315","1,660",655,"1,295",387,365,268,27,11,4,3,9,1,50,9,497,402,292,110,137,9,13,46,197,142,55,91,44,51,11,30,2,1,-,-,-,12,9,48,
00200,            ,            ,  ,,62,,5362,鉄スクラップ卸売業,"19,910","15,404","4,506","19,244","14,839","4,405","16,317","12,712","3,605","2,263",964,"13,090","10,449","2,641","9,128","1,895","1,321",746,295,56,64,5,130,9,85,29,"1,667","2,927","2,127",800,"1,024",41,133,290,"1,439",970,469,734,349,236,120,119,13,8,1,5,-,3,-,317,
00200,            ,            ,  ,,63,,5363,非鉄金属スクラップ卸売業,"10,264","7,697","2,567","9,826","7,328","2,498","8,375","6,290","2,085","1,383",570,"6,422","4,907","1,515","4,108","1,041",799,474,118,40,20,17,52,9,118,33,"1,012","1,451","1,038",413,500,23,40,136,752,498,254,361,200,137,54,98,3,-,-,2,1,1,-,151,
00200,            ,            ,  ,,64,,5364,古紙卸売業,"17,758","14,028","3,730","17,105","13,444","3,661","15,821","12,544","3,277","1,443",546,"13,832","11,101","2,731","9,228","1,655","1,873","1,076",361,72,369,41,97,13,390,5,"2,302","1,284",900,384,392,32,49,134,677,459,218,293,143,166,75,107,20,3,-,-,-,1,-,198,
00200,            ,            ,  ,,65,,5369,その他の再生資源卸売業,"5,137","3,614","1,523","4,952","3,505","1,447","4,568","3,251","1,317",506,177,"3,885","2,745","1,140","2,116",614,629,526,64,66,30,7,43,7,21,8,858,384,254,130,134,6,14,33,197,106,91,72,56,34,35,11,-,2,-,1,-,1,2,55,
00200,            ,            ,  ,,66,,54,機械器具卸売業,"791,082","599,967","191,115","772,283","592,964","179,319","761,459","585,853","175,606","47,316","13,279","700,864","538,537","162,327","508,029","126,321","30,508","36,006","6,870","3,420","20,243","2,915","14,978","2,196","5,148","9,011","56,330","10,824","7,111","3,713","4,280",152,256,"1,131","5,005","2,575","2,430","2,153","1,864",422,566,249,83,8,-,5,-,4,1,897,
00200,            ,            ,  ,,67,,541,産業機械器具卸売業,"250,350","189,260","61,090","246,223","188,695","57,528","242,347","186,244","56,103","18,845","5,528","217,974","167,399","50,575","158,919","40,674","8,480","9,901","2,638","1,078","7,036","1,028","3,794",625,"1,062","2,860","15,727","3,876","2,451","1,425","1,553",64,102,404,"1,753",796,957,663,755,133,202,106,26,4,-,4,-,1,1,298,
00200,            ,            ,  ,,68,,5411,農業用機械器具卸売業,"11,730","8,838","2,892","11,485","8,704","2,781","10,762","8,232","2,530","1,043",342,"9,377","7,189","2,188","6,513","1,650",676,538,108,63,282,3,273,15,16,32,"1,088",723,472,251,276,8,22,67,350,174,176,147,145,27,31,18,4,-,-,1,-,-,-,53,
00200,            ,            ,  ,,69,,5412,建設機械・鉱山機械卸売業,"19,033","15,321","3,712","18,496","14,951","3,545","18,226","14,765","3,461","1,381",415,"16,430","13,384","3,046","12,663","2,474",721,572,112,41,125,16,260,28,113,110,"1,141",270,186,84,105,6,7,13,139,74,65,61,56,13,9,11,4,1,-,-,-,-,-,21,
00200,            ,            ,  ,,70,,5413,金属加工機械卸売業,"16,964","12,281","4,683","16,241","11,911","4,330","15,966","11,741","4,225","1,869",562,"13,535","9,872","3,663","9,273","2,911",599,752,299,144,98,12,127,32,41,187,"1,191",275,170,105,115,3,8,38,111,47,64,42,47,5,17,1,2,-,-,-,-,-,-,20,
00200,            ,            ,  ,,71,,5414,事務用機械器具卸売業,"37,071","28,842","8,229","38,839","30,970","7,869","38,588","30,830","7,758","1,469",416,"36,703","29,361","7,342","28,310","5,814","1,051","1,528",100,83,"2,993",562,617,130,143,707,"2,011",251,140,111,101,3,5,26,116,34,82,31,64,3,18,3,1,-,-,2,-,-,1,19,
00200,            ,            ,  ,,72,,5419,その他の産業機械器具卸売業,"165,552","123,978","41,574","161,162","122,159","39,003","158,805","120,676","38,129","13,083","3,793","141,929","107,593","34,336","102,160","27,825","5,433","6,511","2,019",747,"3,538",435,"2,517",420,749,"1,824","10,296","2,357","1,483",874,956,44,60,260,"1,037",467,570,382,443,85,127,73,15,3,-,1,-,1,-,185,
00200,            ,            ,  ,,73,,542,自動車卸売業,"140,738","110,725","30,013","138,645","109,905","28,740","133,950","106,668","27,282","9,833","3,010","121,107","96,835","24,272","89,477","17,378","7,358","6,894","1,358",449,"3,773",366,"2,567",404,580,742,"12,050","4,695","3,237","1,458","1,810",34,99,454,"2,298","1,328",970,"1,121",727,207,243,88,44,2,-,1,-,1,-,416,
00200,            ,            ,  ,,74,,5421,自動車卸売業(二輪自動車を含む),"47,838","38,737","9,101","47,949","39,146","8,803","46,214","37,927","8,287","3,079",856,"42,279","34,848","7,431","32,841","5,709","2,007","1,722",393,118,"1,789",156,833,38,117,277,"3,192","1,735","1,219",516,721,15,52,202,745,446,299,346,221,100,78,37,21,1,-,-,-,1,-,169,
00200,            ,            ,  ,,75,,5422,自動車部分品・附属品卸売業(中古品を除く),"85,278","66,077","19,201","83,175","64,928","18,247","80,629","63,218","17,411","5,836","1,840","72,953","57,382","15,571","52,510","10,849","4,872","4,722",889,310,"1,927",203,"1,691",363,451,465,"8,094","2,546","1,710",836,956,19,38,215,"1,318",716,602,634,463,82,139,45,19,1,-,1,-,-,-,199,
00200,            ,            ,  ,,76,,5423,自動車中古部品卸売業,"7,622","5,911","1,711","7,521","5,831","1,690","7,107","5,523","1,584",918,314,"5,875","4,605","1,270","4,126",820,479,450,76,21,57,7,43,3,12,-,764,414,308,106,133,-,9,37,235,166,69,141,43,25,26,6,4,-,-,-,-,-,-,48,
00200,            ,            ,  ,,77,,543,電気機械器具卸売業,"270,474","203,577","66,897","262,648","200,607","62,041","261,364","199,798","61,566","11,900","2,747","246,717","187,898","58,819","177,163","46,211","10,735","12,608","2,043","1,258","7,660","1,234","6,609",859,"1,936","3,965","19,864","1,284",809,475,534,26,24,156,544,251,293,209,230,42,63,41,8,1,-,-,-,2,-,99,
00200,            ,            ,  ,,78,,5431,家庭用電気機械器具卸売業,"44,701","32,754","11,947","42,124","30,991","11,133","41,702","30,727","10,975","2,279",629,"38,794","28,448","10,346","25,472","6,671","2,976","3,675",236,205,662,277,"1,872",201,303,681,"5,830",422,264,158,180,10,8,60,164,76,88,58,68,18,20,13,4,-,-,-,-,1,-,38,
00200,            ,            ,  ,,79,,5432,電気機械器具卸売業(家庭用電気機械器具を除く),"225,773","170,823","54,950","220,524","169,616","50,908","219,662","169,071","50,591","9,621","2,118","207,923","159,450","48,473","151,691","39,540","7,759","8,933","1,807","1,053","6,998",957,"4,737",658,"1,633","3,284","14,034",862,545,317,354,16,16,96,380,175,205,151,162,24,43,28,4,1,-,-,-,1,-,61,
00200,            ,            ,  ,,80,,549,その他の機械器具卸売業,"129,520","96,405","33,115","124,767","93,757","31,010","123,798","93,143","30,655","6,738","1,994","115,066","86,405","28,661","82,470","22,058","3,935","6,603",831,635,"1,774",287,"2,008",308,"1,570","1,444","8,689",969,614,355,383,28,31,117,410,200,210,160,152,40,58,14,5,1,-,-,-,-,-,84,
00200,            ,            ,  ,,81,,5491,輸送用機械器具卸売業(自動車を除く),"16,414","12,735","3,679","15,575","12,121","3,454","15,201","11,874","3,327","1,035",294,"13,872","10,839","3,033","10,249","2,276",590,757,74,37,103,18,597,52,40,153,"1,128",374,247,127,146,10,15,47,156,86,70,62,50,24,20,6,1,-,-,-,-,-,-,35,
00200,            ,            ,  ,,82,,5492,計量器・理化学機械器具・光学機械器具等卸売業,"56,859","42,076","14,783","54,671","40,685","13,986","54,278","40,433","13,845","3,433",980,"49,865","37,000","12,865","35,495","10,371","1,505","2,494",305,153,894,151,936,155,"1,044",640,"3,425",393,252,141,153,11,14,43,172,85,87,72,59,13,28,1,-,1,-,-,-,-,-,36,
00200,            ,            ,  ,,83,,5493,医療用機械器具卸売業(歯科用機械器具を含む),"56,247","41,594","14,653","54,521","40,951","13,570","54,319","40,836","13,483","2,270",720,"51,329","38,566","12,763","36,726","9,411","1,840","3,352",452,445,777,118,475,101,486,651,"4,136",202,115,87,84,7,2,27,82,29,53,26,43,3,10,7,4,-,-,-,-,-,-,13,
00200,            ,            ,  ,,84,,55,その他の卸売業,"633,345","394,585","238,760","611,720","386,075","225,645","585,451","373,367","212,084","45,586","17,184","522,681","327,781","194,900","296,107","114,264","31,674","80,636","5,006","6,588","6,276","2,006","6,195","1,722","3,058","5,612","88,155","26,269","12,708","13,561","7,590","2,366",759,"2,637","12,917","4,359","8,558","3,112","4,168","1,247","4,390",541,"1,197",31,22,11,15,6,9,"4,370",
00200,            ,            ,  ,,85,,551,家具・建具・じゅう器等卸売業,"84,583","52,386","32,197","82,047","51,423","30,624","77,259","48,454","28,805","7,197","2,704","67,358","41,257","26,101","37,872","15,665","3,385","10,436",766,650,631,172,566,161,180,871,"10,745","4,788","2,969","1,819","1,977",134,167,656,"1,854",825,"1,029",686,722,139,307,85,66,8,3,1,-,4,-,384,
00200,            ,            ,  ,,86,,5511,家具・建具卸売業,"43,081","29,279","13,802","41,684","28,808","12,876","40,225","27,839","12,386","2,932",963,"36,330","24,907","11,423","23,179","8,183","1,728","3,240",359,197,535,95,462,105,143,703,"4,199","1,459",969,490,663,26,53,207,510,253,257,205,196,48,61,40,16,2,-,1,-,3,-,100,
00200,            ,            ,  ,,87,,5512,荒物卸売業,"11,236","5,605","5,631","10,794","5,401","5,393","10,092","5,005","5,087","1,017",414,"8,661","3,988","4,673","3,446","1,504",542,"3,169",164,155,7,2,35,23,9,53,"2,568",702,396,306,250,19,25,96,312,121,191,99,123,22,68,4,9,2,-,-,-,1,-,73,
00200,            ,            ,  ,,88,,5513,畳卸売業,"2,442","1,678",764,"2,394","1,651",743,"1,599","1,070",529,366,151,"1,082",704,378,635,263,69,115,19,12,6,-,-,-,2,5,163,795,581,214,383,10,37,91,274,161,113,148,92,13,21,12,4,-,-,-,-,-,-,34,
00200,            ,            ,  ,,89,,5514,室内装飾繊維品卸売業,"8,222","5,104","3,118","8,110","5,049","3,061","7,872","4,918","2,954",688,231,"6,953","4,230","2,723","3,947","1,853",283,870,54,27,27,28,19,7,9,48,905,238,131,107,77,6,4,26,125,50,75,43,48,7,27,-,3,-,-,-,-,-,-,29,
00200,            ,            ,  ,,90,,5515,陶磁器・ガラス器卸売業,"11,072","5,636","5,436","10,737","5,514","5,223","9,531","4,834","4,697","1,415",607,"7,509","3,419","4,090","2,957","2,055",462,"2,035",107,174,20,28,18,22,2,26,"1,934","1,206",680,526,463,55,38,186,464,179,285,144,200,35,85,16,19,1,-,-,-,-,-,100,
00200,            ,            ,  ,,91,,5519,その他のじゅう器卸売業,"8,530","5,084","3,446","8,328","5,000","3,328","7,940","4,788","3,152",779,338,"6,823","4,009","2,814","3,708","1,807",301,"1,007",63,85,36,19,32,4,15,36,976,388,212,176,141,18,10,50,169,61,108,47,63,14,45,13,15,3,3,-,-,-,-,48,
00200,            ,            ,  ,,92,,552,医薬品・化粧品等卸売業,"200,228","121,924","78,304","192,190","118,351","73,839","185,712","116,797","68,915","7,582","3,614","174,516","109,215","65,301","98,229","37,052","10,986","28,249","1,021","2,298","1,225",745,"2,087",561,"1,675","1,888","32,139","6,478","1,554","4,924",933,"1,562",167,387,"3,429",454,"2,975",307,879,147,"2,096",16,449,5,6,4,12,-,8,"1,680",
00200,            ,            ,  ,,93,,5521,医薬品卸売業,"110,255","77,900","32,355","106,047","76,098","29,949","105,723","75,960","29,763","2,201",733,"102,789","73,759","29,030","66,553","17,835","7,206","11,195",442,"1,388",828,232,"1,167",248,"1,021",996,"15,274",324,138,186,82,17,6,25,194,50,144,43,64,7,80,1,6,1,-,-,-,-,-,74,
00200,            ,            ,  ,,94,,5522,医療用品卸売業,"23,077","14,114","8,963","22,510","13,842","8,668","22,250","13,694","8,556","1,358",588,"20,304","12,336","7,968","11,297","3,897","1,039","4,071",153,325,135,256,200,71,51,153,"4,077",260,148,112,96,15,9,22,118,43,75,39,60,4,15,-,-,1,1,4,1,-,2,17,
00200,            ,            ,  ,,95,,5523,化粧品卸売業,"51,865","21,823","30,042","49,760","21,051","28,709","44,263","20,013","24,250","3,282","1,998","38,983","16,731","22,252","15,117","13,246","1,614","9,006",160,534,167,215,692,230,74,329,"9,068","5,497","1,038","4,459",597,"1,521",140,280,"2,959",301,"2,658",179,691,122,"1,967",15,443,2,5,-,11,-,6,"1,547",
00200,            ,            ,  ,,96,,5524,合成洗剤卸売業,"15,031","8,087","6,944","13,873","7,360","6,513","13,476","7,130","6,346",741,295,"12,440","6,389","6,051","5,262","2,074","1,127","3,977",266,51,95,42,28,12,529,410,"3,720",397,230,167,158,9,12,60,158,60,98,46,64,14,34,-,-,1,-,-,-,-,-,42,
00200,            ,            ,  ,,97,,553,紙・紙製品卸売業,"56,709","38,110","18,599","56,418","38,261","18,157","54,581","37,238","17,343","4,874","1,639","48,068","32,364","15,704","30,211","10,318","2,153","5,386",235,261,"1,165",296,610,111,140,330,"6,181","1,837","1,023",814,656,72,50,249,810,317,493,242,318,75,175,28,35,1,-,1,1,1,-,205,
00200,            ,            ,  ,,98,,5531,紙卸売業,"19,752","13,918","5,834","20,218","14,474","5,744","19,741","14,210","5,531","1,878",500,"17,363","12,332","5,031","11,719","3,973",613,"1,058",56,56,855,135,174,39,53,123,"1,380",477,264,213,157,18,11,55,236,96,140,84,97,12,43,16,7,-,-,-,-,-,-,40,
00200,            ,            ,  ,,99,,5532,紙製品卸売業,"36,957","24,192","12,765","36,200","23,787","12,413","34,840","23,028","11,812","2,996","1,139","30,705","20,032","10,673","18,492","6,345","1,540","4,328",179,205,310,161,436,72,87,207,"4,801","1,360",759,601,499,54,39,194,574,221,353,158,221,63,132,12,28,1,-,1,1,1,-,165,
00200,            ,            ,  ,,100,,559,他に分類されない卸売業,"291,825","182,165","109,660","281,065","178,040","103,025","267,899","170,878","97,021","25,933","9,227","232,739","144,945","87,794","129,795","51,229","15,150","36,565","2,984","3,379","3,255",793,"2,932",889,"1,063","2,523","39,090","13,166","7,162","6,004","4,024",598,375,"1,345","6,824","2,763","4,061","1,877","2,249",886,"1,812",412,647,17,13,5,2,1,1,"2,101",
00200,            ,            ,  ,,101,,5591,金物卸売業,"32,614","20,905","11,709","31,894","20,590","11,304","30,094","19,564","10,530","3,373","1,327","25,394","16,191","9,203","14,875","5,676","1,316","3,527",279,241,170,37,126,45,69,142,"3,869","1,800","1,026",774,664,47,45,223,821,317,504,264,381,53,123,12,16,1,2,-,-,-,-,160,
00200,            ,            ,  ,,102,,5592,肥料・飼料卸売業,"16,780","11,183","5,597","16,170","10,779","5,391","15,753","10,528","5,225","1,681",570,"13,502","8,847","4,655","7,885","2,693",962,"1,962",135,93,101,45,264,67,64,82,"2,324",417,251,166,134,13,15,41,214,102,112,70,88,32,24,42,8,-,-,-,-,-,1,47,
00200,            ,            ,  ,,103,,5593,スポーツ用品卸売業,"14,129","9,317","4,812","13,462","8,987","4,475","13,151","8,792","4,359","1,194",384,"11,573","7,598","3,975","6,886","2,592",712,"1,383",110,110,131,19,325,122,27,119,"1,588",311,195,116,126,15,15,34,121,54,67,39,49,15,18,3,5,4,-,-,-,-,-,29,
00200,            ,            ,  ,,104,,5594,娯楽用品・がん具卸売業,"16,647","10,408","6,239","16,091","10,224","5,867","15,695","10,008","5,687","1,495",574,"13,626","8,513","5,113","7,615","3,250",898,"1,863",137,205,146,39,124,43,60,155,"2,171",396,216,180,149,20,12,59,156,55,101,41,60,14,41,8,9,-,1,-,-,1,-,47,
00200,            ,            ,  ,,105,,5595,たばこ卸売業,"7,997","4,704","3,293","8,514","5,344","3,170","8,322","5,252","3,070",138,78,"8,106","5,114","2,992","4,890",712,224,"2,280",3,7,704,48,37,10,22,152,"1,345",192,92,100,53,39,12,32,56,27,29,21,17,6,12,2,2,-,-,-,-,-,-,18,
00200,            ,            ,  ,,106,,5596,ジュエリー製品卸売業,"11,812","5,872","5,940","11,629","5,895","5,734","11,115","5,600","5,515","1,540",606,"8,969","4,060","4,909","3,742","3,146",318,"1,763",47,198,94,109,10,14,12,96,"1,694",514,295,219,198,23,13,51,229,84,145,77,77,7,68,1,6,-,1,1,2,-,-,58,
00200,            ,            ,  ,,107,,5597,書籍・雑誌卸売業,"15,564","9,571","5,993","15,001","9,544","5,457","14,350","9,146","5,204","1,036",271,"13,043","8,110","4,933","6,977","2,990","1,133","1,943",119,159,428,70,165,36,147,383,"2,259",651,398,253,132,24,7,38,450,259,191,84,71,175,120,23,28,-,-,1,-,-,-,192,
00200,            ,            ,  ,,108,,5598,代理商，仲立業,"5,464","3,344","2,120","5,137","3,154","1,983","4,869","3,004","1,865",630,206,"4,033","2,374","1,659","2,106",972,268,687,106,60,51,9,112,19,15,55,740,268,150,118,56,29,4,25,154,90,64,76,28,14,36,10,13,2,1,-,-,-,-,38,
00200,            ,            ,  ,,109,,5599,他に分類されないその他の卸売業,"170,818","106,861","63,957","163,167","103,523","59,644","154,550","98,984","55,566","14,846","5,211","134,493","84,138","50,355","74,819","29,198","9,319","21,157","2,048","2,306","1,430",417,"1,769",533,647,"1,339","23,100","8,617","4,539","4,078","2,512",388,252,842,"4,623","1,775","2,848","1,205","1,478",570,"1,370",311,560,10,8,3,-,-,-,"1,512",
00200,            ,            ,  ,,110,,,小売業計,"6,263,922","2,632,644","3,631,278","5,868,417","2,508,373","3,360,044","4,911,185","2,055,215","2,855,970","219,324","117,947","4,573,914","1,835,891","2,738,023","1,085,834","600,726","750,057","2,137,297","73,170","139,696","5,816","4,681","28,931","74,036","11,663","37,538","1,929,901","957,232","453,158","504,074","234,432","85,734","27,385","101,013","508,668","191,341","317,327","69,633","108,769","121,708","208,558","16,798","24,878",913,812,276,303,162,276,"212,048",
00200,            ,            ,  ,,111,,56,各種商品小売業,"467,087","122,106","344,981","357,518","102,026","255,492","356,598","101,707","254,891",589,204,"355,805","101,118","254,687","43,201","36,126","57,917","218,561","1,005","5,155",342,248,"16,204","63,890","3,204","20,665","192,996",920,319,601,227,157,33,132,371,59,312,42,118,17,194,10,30,1,4,-,1,-,-,177,
00200,            ,            ,  ,,112,,561,百貨店，総合スーパー,"442,507","115,299","327,208","333,325","95,278","238,047","333,325","95,278","238,047",274,12,"333,039","95,004","238,035","40,049","33,798","54,955","204,237",962,"4,886",340,247,"16,197","63,868","3,202","20,654","180,180",-,-,-,-,-,-,-,-,-,-,-,-,-,-,-,-,-,-,-,-,-,-,-,
00200,            ,            ,  ,,113,,569,その他の各種商品小売業(従業者が常時50人未満のもの),"24,580","6,807","17,773","24,193","6,748","17,445","23,273","6,429","16,844",315,192,"22,766","6,114","16,652","3,152","2,328","2,962","14,324",43,269,2,1,7,22,2,11,"12,816",920,319,601,227,157,33,132,371,59,312,42,118,17,194,10,30,1,4,-,1,-,-,177,
00200,            ,            ,  ,,114,,57,織物・衣服・身の回り品小売業,"547,611","135,630","411,981","525,973","132,237","393,736","447,207","103,150","344,057","17,989","13,175","416,043","85,161","330,882","48,869","95,531","36,292","235,351","1,602","10,979",378,566,701,"2,194","1,038","3,598","201,847","78,766","29,087","49,679","21,821","17,308","2,549","10,980","26,108","4,717","21,391","3,231","10,133","1,486","11,258",475,"2,090",57,95,9,22,3,23,"10,791",
00200,            ,            ,  ,,115,,571,呉服・服地・寝具小売業,"45,468","16,519","28,949","44,052","16,229","27,823","30,167","9,821","20,346","3,926","2,541","23,700","5,895","17,805","5,164","8,456",731,"9,349",195,856,15,26,33,19,5,29,"8,446","13,885","6,408","7,477","4,952","1,734",523,"2,586","4,090",933,"3,157",788,"2,111",145,"1,046",82,254,11,10,-,-,1,4,"1,037",
00200,            ,            ,  ,,116,,5711,呉服・服地小売業,"31,114","10,381","20,733","30,029","10,210","19,819","22,914","7,185","15,729","2,641","1,804","18,469","4,544","13,925","4,055","7,004",489,"6,921",125,725,12,20,28,19,4,16,"6,258","7,115","3,025","4,090","2,316","1,104",238,"1,219","2,238",471,"1,767",398,"1,127",73,640,31,178,5,5,-,-,-,1,608,
00200,            ,            ,  ,,117,,5712,寝具小売業,"14,354","6,138","8,216","14,023","6,019","8,004","7,253","2,636","4,617","1,285",737,"5,231","1,351","3,880","1,109","1,452",242,"2,428",70,131,3,6,5,-,1,13,"2,188","6,770","3,383","3,387","2,636",630,285,"1,367","1,852",462,"1,390",390,984,72,406,51,76,6,5,-,-,1,3,429,
00200,            ,            ,  ,,118,,572,男子服小売業,"64,749","29,521","35,228","62,754","28,760","33,994","54,039","24,059","29,980","2,694","1,232","50,113","21,365","28,748","13,949","7,338","7,416","21,410",357,631,223,169,143,48,357,507,"23,302","8,715","4,701","4,014","3,559",684,253,"1,293","2,926",889,"2,037",568,995,321,"1,042",136,220,9,4,-,-,-,1,"1,109",
00200,            ,            ,  ,,119,,573,婦人・子供服小売業,"248,974","47,588","201,386","238,300","46,721","191,579","202,900","36,457","166,443","6,789","6,239","189,872","29,668","160,204","13,150","49,943","16,518","110,261",503,"6,487",81,261,286,"1,199",54,"1,277","94,770","35,400","10,264","25,136","7,626","10,119","1,054","4,209","12,392","1,584","10,808","1,062","4,697",522,"6,111",124,"1,124",21,47,1,12,1,16,"5,735",
00200,            ,            ,  ,,120,,5731,婦人服小売業,"230,101","45,208","184,893","220,201","44,378","175,823","186,338","34,590","151,748","6,464","5,990","173,884","28,126","145,758","12,119","47,539","16,007","98,219",481,"6,267",80,258,283,882,45,"1,163","86,663","33,863","9,788","24,075","7,278","9,747","1,012","4,034","11,792","1,498","10,294","1,013","4,539",485,"5,755",119,"1,035",20,42,1,7,1,16,"5,416",
00200,            ,            ,  ,,121,,5732,子供服小売業,"18,873","2,380","16,493","18,099","2,343","15,756","16,562","1,867","14,695",325,249,"15,988","1,542","14,446","1,031","2,404",511,"12,042",22,220,1,3,3,317,9,114,"8,107","1,537",476,"1,061",348,372,42,175,600,86,514,49,158,37,356,5,89,1,5,-,5,-,-,319,
00200,            ,            ,  ,,122,,574,靴・履物小売業,"36,523","13,655","22,868","35,884","13,518","22,366","30,653","11,194","19,459","1,180",679,"28,794","10,014","18,780","6,882","5,992","3,132","12,788",67,316,12,12,38,42,16,82,"11,905","5,231","2,324","2,907","1,794",878,208,904,"1,447",322,"1,125",226,641,96,484,31,75,5,3,2,2,-,-,501,
00200,            ,            ,  ,,123,,5741,靴小売業,"33,545","12,980","20,565","32,955","12,852","20,103","28,547","10,855","17,692","1,108",624,"26,815","9,747","17,068","6,680","5,401","3,067","11,667",61,287,12,12,38,42,16,76,"10,873","4,408","1,997","2,411","1,538",632,161,742,"1,335",298,"1,037",207,586,91,451,29,70,5,3,1,2,-,-,465,
00200,            ,            ,  ,,124,,5742,履物小売業(靴を除く),"2,978",675,"2,303","2,929",666,"2,263","2,106",339,"1,767",72,55,"1,979",267,"1,712",202,591,65,"1,121",6,29,-,-,-,-,-,6,"1,032",823,327,496,256,246,47,162,112,24,88,19,55,5,33,2,5,-,-,1,-,-,-,36,
00200,            ,            ,  ,,125,,579,その他の織物・衣服・身の回り品小売業,"151,897","28,347","123,550","144,983","27,009","117,974","129,448","21,619","107,829","3,400","2,484","123,564","18,219","105,345","9,724","23,802","8,495","81,543",480,"2,689",47,98,201,886,606,"1,703","63,424","15,535","5,390","10,145","3,890","3,893",511,"1,988","5,253",989,"4,264",587,"1,689",402,"2,575",102,417,11,31,6,8,1,2,"2,409",
00200,            ,            ,  ,,126,,5791,かばん・袋物小売業,"21,437","5,406","16,031","18,156","4,669","13,487","16,041","3,860","12,181",632,426,"14,983","3,228","11,755","2,482","5,347",746,"6,408",146,912,10,41,98,394,491,"1,196","6,039","2,115",809,"1,306",591,503,79,281,661,139,522,88,228,51,294,15,83,4,3,1,2,-,1,291,
00200,            ,            ,  ,,127,,5792,下着類小売業,"20,697","2,505","18,192","20,014","2,412","17,602","18,156","1,790","16,366",483,456,"17,217","1,307","15,910",789,"4,530",518,"11,380",53,345,3,5,27,165,3,44,"7,781","1,858",622,"1,236",443,514,57,247,597,122,475,66,187,56,288,10,43,1,2,4,-,-,-,287,
00200,            ,            ,  ,,128,,5793,洋品雑貨・小間物小売業,"92,318","15,898","76,420","90,219","15,611","74,608","80,756","12,437","68,319","1,630","1,171","77,955","10,807","67,148","4,232","9,827","6,575","57,321",143,"1,211",7,6,65,153,36,249,"44,179","9,463","3,174","6,289","2,310","2,447",291,"1,172","3,243",573,"2,670",352,"1,031",221,"1,639",52,219,4,20,1,5,1,1,"1,486",
00200,            ,            ,  ,,129,,5799,他に分類されない織物・衣服・身の回り品小売業,"17,445","4,538","12,907","16,594","4,317","12,277","14,495","3,532","10,963",655,431,"13,409","2,877","10,532","2,221","4,098",656,"6,434",138,221,27,46,11,174,76,214,"5,425","2,099",785,"1,314",546,429,84,288,752,155,597,81,243,74,354,25,72,2,6,-,1,-,-,345,
00200,            ,            ,  ,,130,,58,飲食料品小売業,"2,329,354","827,312","1,502,042","2,210,401","789,184","1,421,217","1,740,492","581,321","1,159,171","51,268","28,683","1,660,541","530,053","1,130,488","203,489","114,488","326,564","1,016,000","28,266","62,265","1,282","1,344","2,383","1,583","1,134","4,531","842,585","469,909","207,863","262,046","90,087","31,696","11,934","45,735","290,457","105,842","184,615","25,391","45,688","80,451","138,927","7,943","13,999",470,413,82,115,72,89,"137,862",
00200,            ,            ,  ,,131,,581,各種食料品小売業,"665,857","205,131","460,726","640,906","197,883","443,023","623,107","190,640","432,467","3,699","1,721","617,687","186,941","430,746","80,371","27,801","106,570","402,945","6,122","15,086",197,191,914,474,324,"1,919","314,963","17,799","7,243","10,556","4,649","1,977",766,"2,952","7,455","1,828","5,627","1,292","2,713",536,"2,914",100,419,15,9,-,4,-,1,"2,676",
00200,            ,            ,  ,,132,,582,野菜・果実小売業,"75,346","29,828","45,518","71,077","28,625","42,452","43,621","16,498","27,123","3,879","1,657","38,085","12,619","25,466","7,431","4,164","5,188","21,302",503,"1,590",38,61,62,33,64,254,"18,293","27,456","12,127","15,329","7,498","1,887",987,"3,972","13,112","3,642","9,470","2,428","4,289","1,214","5,181",619,"1,238",20,16,7,6,6,22,"4,938",
00200,            ,            ,  ,,133,,5821,野菜小売業,"62,187","24,029","38,158","58,979","23,235","35,744","37,753","14,049","23,704","2,982","1,191","33,580","11,067","22,513","6,337","3,277","4,730","19,236",400,"1,342",30,51,58,33,61,243,"16,466","21,226","9,186","12,040","5,558","1,449",724,"2,973","10,522","2,904","7,618","1,951","3,368",953,"4,250",306,834,13,11,6,6,6,18,"3,985",
00200,            ,            ,  ,,134,,5822,果実小売業,"13,159","5,799","7,360","12,098","5,390","6,708","5,868","2,449","3,419",897,466,"4,505","1,552","2,953","1,094",887,458,"2,066",103,248,8,10,4,-,3,11,"1,827","6,230","2,941","3,289","1,940",438,263,999,"2,590",738,"1,852",477,921,261,931,313,404,7,5,1,-,-,4,953,
00200,            ,            ,  ,,135,,583,食肉小売業,"49,703","22,323","27,380","46,961","21,274","25,687","32,907","14,158","18,749","2,341","1,218","29,348","11,817","17,531","8,110","3,310","3,707","14,221",743,"1,276",30,22,100,86,17,25,"12,482","14,054","7,116","6,938","4,317",738,487,"1,891","6,621","2,312","4,309","1,573","2,198",739,"2,111",218,322,12,4,11,4,2,6,"2,247",
00200,            ,            ,  ,,136,,5831,食肉小売業(卵，鳥肉を除く),"43,273","19,432","23,841","40,819","18,491","22,328","29,238","12,571","16,667","2,093","1,087","26,058","10,478","15,580","7,177","2,623","3,301","12,957",707,"1,192",29,17,77,36,16,25,"11,409","11,581","5,920","5,661","3,543",570,399,"1,554","5,515","1,978","3,537","1,369","1,851",609,"1,686",168,271,11,4,11,4,2,6,"1,824",
00200,            ,            ,  ,,137,,5832,卵・鳥肉小売業,"6,430","2,891","3,539","6,142","2,783","3,359","3,669","1,587","2,082",248,131,"3,290","1,339","1,951",933,687,406,"1,264",36,84,1,5,23,50,1,-,"1,073","2,473","1,196","1,277",774,168,88,337,"1,106",334,772,204,347,130,425,50,51,1,-,-,-,-,-,423,
00200,            ,            ,  ,,138,,584,鮮魚小売業,"47,126","24,397","22,729","45,241","23,617","21,624","26,651","14,135","12,516","2,401","1,040","23,210","11,734","11,476","7,944","2,653","3,790","8,823",496,629,41,27,64,13,14,30,"9,102","18,590","9,482","9,108","6,364","1,216",713,"3,079","7,218","2,405","4,813","1,762","2,812",643,"2,001",260,457,18,6,4,2,1,7,"2,203",
00200,            ,            ,  ,,139,,585,酒小売業,"83,962","43,453","40,509","81,231","42,122","39,109","41,601","23,063","18,538","7,128","3,918","30,555","15,935","14,620","9,081","4,690","6,854","9,930",928,961,94,45,145,69,115,51,"11,997","39,630","19,059","20,571","13,347","5,498","2,261","8,306","10,218","3,451","6,767","2,580","4,881",871,"1,886",261,379,32,23,6,6,2,2,"2,373",
00200,            ,            ,  ,,140,,586,菓子・パン小売業,"291,038","75,440","215,598","274,158","72,753","201,405","202,566","45,805","156,761","8,535","5,173","188,858","37,270","151,588","22,158","32,611","15,112","118,977","1,850","11,150",226,427,207,329,62,584,"87,781","71,592","26,948","44,644","17,062","6,946","2,225","8,308","37,051","7,661","29,390","5,116","11,118","2,545","18,272",823,"2,604",38,68,5,8,4,13,"14,869",
00200,            ,            ,  ,,141,,5861,菓子小売業(製造小売),"120,349","36,871","83,478","113,306","35,475","77,831","73,455","18,983","54,472","5,366","3,317","64,772","13,617","51,155","9,691","16,793","3,926","34,362",779,"3,704",51,132,40,96,32,233,"26,485","39,851","16,492","23,359","10,390","2,252","1,243","4,591","21,375","4,859","16,516","3,668","7,774","1,191","8,742",619,"1,777",23,40,-,1,-,8,"7,433",
00200,            ,            ,  ,,142,,5862,菓子小売業(製造小売でないもの),"66,591","12,600","53,991","62,390","12,038","50,352","50,328","8,243","42,085","1,276",758,"48,294","6,967","41,327","4,054","9,658","2,913","31,669",508,"3,063",162,269,120,198,27,333,"23,316","12,062","3,795","8,267","2,619","3,392",554,"1,964","3,533",622,"2,911",325,892,297,"2,019",71,314,7,6,2,2,3,4,"1,657",
00200,            ,            ,  ,,143,,5863,パン小売業(製造小売),"97,046","24,277","72,769","91,646","23,585","68,061","73,959","17,519","56,440","1,777","1,012","71,170","15,742","55,428","8,155","5,758","7,587","49,670",537,"4,236",13,26,44,35,3,10,"35,397","17,687","6,066","11,621","3,670",776,333,"1,482","11,426","2,063","9,363","1,058","2,275","1,005","7,088",126,469,8,22,2,5,1,1,"5,403",
00200,            ,            ,  ,,144,,5864,パン小売業(製造小売でないもの),"7,052","1,692","5,360","6,816","1,655","5,161","4,824","1,060","3,764",116,86,"4,622",944,"3,678",258,402,686,"3,276",26,147,-,-,3,-,-,8,"2,583","1,992",595,"1,397",383,526,95,271,717,117,600,65,177,52,423,7,44,-,-,1,-,-,-,376,
00200,            ,            ,  ,,145,,589,その他の飲食料品小売業,"1,116,322","426,740","689,582","1,050,827","402,910","647,917","770,039","277,022","493,017","23,285","13,956","732,798","253,737","479,061","68,394","39,259","185,343","439,802","17,624","31,573",656,571,891,579,538,"1,668","387,967","280,788","125,888","154,900","36,850","13,434","4,495","17,227","208,782","84,543","124,239","10,640","17,677","73,903","106,562","5,662","8,580",335,287,49,85,57,38,"108,556",
00200,            ,            ,  ,,146,,5891,コンビニエンスストア(飲食料品を中心とするものに限る),"524,390","237,117","287,273","498,310","225,434","272,876","314,804","141,817","172,987","10,517","6,639","297,648","131,300","166,348","16,694","8,588","114,606","157,760","7,682","9,258",407,297,249,113,136,143,"158,091","183,506","83,617","99,889","10,832","1,161",666,"3,195","167,652","72,119","95,533","5,486","6,800","66,633","88,733","4,207","5,331",243,222,36,53,23,18,"90,633",
00200,            ,            ,  ,,147,,5892,牛乳小売業,"32,182","15,265","16,917","30,127","14,160","15,967","19,081","8,042","11,039","1,000",552,"17,529","7,042","10,487","2,718","1,070","4,324","9,417",849,725,12,3,23,6,59,23,"8,576","11,046","6,118","4,928","3,417",677,418,"1,413","5,121","2,283","2,838",757,"1,238","1,526","1,600",179,195,15,5,1,-,21,9,"2,126",
00200,            ,            ,  ,,148,,5893,飲料小売業(別掲を除く),"40,077","12,283","27,794","38,637","11,828","26,809","26,438","7,220","19,218","1,041",594,"24,803","6,179","18,624","2,328","1,946","3,851","16,678",319,737,43,100,81,56,16,61,"13,010","12,199","4,608","7,591","3,050","3,148",645,"2,131","3,225",913,"2,312",319,874,594,"1,438",90,225,9,4,1,8,-,2,"1,470",
00200,            ,            ,  ,,149,,5894,茶類小売業,"20,215","6,895","13,320","18,771","6,592","12,179","10,711","3,025","7,686","1,168",745,"8,798","1,857","6,941","1,187","1,818",670,"5,123",138,532,5,35,2,9,5,26,"4,292","8,060","3,567","4,493","2,643","1,318",357,"1,360","2,382",567,"1,815",383,973,184,842,167,612,6,8,1,3,1,2,837,
00200,            ,            ,  ,,150,,5895,料理品小売業,"162,660","51,044","111,616","152,149","48,179","103,970","125,543","38,012","87,531","2,674","1,800","121,069","35,338","85,731","12,282","7,990","23,056","77,741","2,226","5,863",47,18,111,104,120,549,"64,921","26,606","10,167","16,439","4,418","2,201",691,"2,192","17,104","5,058","12,046","1,410","2,786","3,648","9,260",475,"1,159",27,21,5,9,2,1,"8,811",
00200,            ,            ,  ,,151,,5896,米穀類小売業,"26,278","13,430","12,848","25,210","12,926","12,284","10,242","5,280","4,962","2,401","1,155","6,686","2,879","3,807","1,984","1,388",895,"2,419",241,277,7,9,10,5,4,6,"2,538","14,968","7,646","7,322","5,748","1,389",672,"3,124","4,035","1,226","2,809",902,"1,958",324,851,255,276,9,3,2,10,8,2,987,
00200,            ,            ,  ,,152,,5897,豆腐・かまぼこ等加工食品小売業,"23,435","7,494","15,941","22,375","7,211","15,164","15,636","4,162","11,474",749,438,"14,449","3,413","11,036","1,758","2,424","1,655","8,612",154,507,15,14,93,55,3,63,"6,982","6,739","3,049","3,690","2,098",698,299,"1,109","2,535",652,"1,883",445,"1,076",207,807,52,178,5,13,1,-,-,1,835,
00200,            ,            ,  ,,153,,5898,乾物小売業,"17,591","5,380","12,211","16,937","5,191","11,746","14,014","3,992","10,022",567,314,"13,133","3,425","9,708","1,843","1,178","1,582","8,530",130,341,6,9,12,6,6,5,"8,982","2,923","1,199","1,724",843,467,141,457,"1,015",215,800,160,374,55,426,48,125,1,4,-,1,-,-,395,
00200,            ,            ,  ,,154,,5899,他に分類されない飲食料品小売業,"269,494","77,832","191,662","248,311","71,389","176,922","233,570","65,472","168,098","3,168","1,719","228,683","62,304","166,379","27,600","12,857","34,704","153,522","5,885","13,333",114,86,310,225,189,792,"120,575","14,741","5,917","8,824","3,801","2,375",606,"2,246","5,713","1,510","4,203",778,"1,598",732,"2,605",189,479,20,7,2,1,2,3,"2,462",
00200,            ,            ,  ,,155,,59,機械器具小売業,"693,054","506,030","187,024","672,800","494,020","178,780","583,821","435,674","148,147","43,440","16,640","523,741","392,234","131,507","347,489","74,876","44,745","56,631","6,039","3,125",980,161,"2,860",796,"2,297","3,977","82,566","88,979","58,346","30,633","38,901","1,300","2,668","11,590","34,520","16,777","17,743","13,992","13,820","2,785","3,923","1,817",525,80,31,40,9,17,4,"6,155",
00200,            ,            ,  ,,156,,591,自動車小売業,"430,571","346,406","84,165","422,609","340,969","81,640","380,203","311,697","68,506","28,773","10,665","340,765","282,924","57,841","266,240","39,557","16,684","18,284","3,703","1,180",784,99,"1,360",157,493,"1,086","30,349","42,406","29,272","13,134","17,547",360,"1,155","4,346","18,998","10,570","8,428","8,985","6,590","1,585","1,838",662,211,36,17,27,4,12,3,"3,170",
00200,            ,            ,  ,,157,,5911,自動車(新車)小売業,"283,556","234,053","49,503","279,111","231,211","47,900","264,844","221,712","43,132","13,925","5,231","245,688","207,787","37,901","199,327","28,003","8,460","9,898","2,141",597,617,71,846,109,298,881,"16,473","14,267","9,499","4,768","4,947",100,325,"1,224","7,671","4,227","3,444","3,765","2,782",462,662,179,92,13,9,7,3,1,1,"1,052",
00200,            ,            ,  ,,158,,5912,中古自動車小売業,"73,140","55,308","17,832","71,393","54,081","17,312","59,403","45,599","13,804","8,989","3,292","47,122","36,610","10,512","32,908","6,756","3,702","3,756",789,292,100,24,181,20,95,161,"6,471","11,990","8,482","3,508","5,077",108,290,"1,131","5,384","3,115","2,269","2,499","1,614",616,655,247,72,10,4,14,1,11,2,"1,166",
00200,            ,            ,  ,,159,,5913,自動車部分品・附属品小売業,"50,811","39,650","11,161","49,510","38,648","10,862","43,061","34,070","8,991","3,786","1,349","37,926","30,284","7,642","26,515","3,785","3,769","3,857",594,221,49,4,225,18,96,42,"6,114","6,449","4,578","1,871","2,795",57,201,674,"2,722","1,582","1,140","1,346",899,236,241,140,23,6,1,2,-,-,-,443,
00200,            ,            ,  ,,160,,5914,二輪自動車小売業(原動機付自転車を含む),"23,064","17,395","5,669","22,595","17,029","5,566","12,895","10,316","2,579","2,073",793,"10,029","8,243","1,786","7,490","1,013",753,773,179,70,18,-,108,10,4,2,"1,291","9,700","6,713","2,987","4,728",95,339,"1,317","3,221","1,646","1,575","1,375","1,295",271,280,96,24,7,3,4,-,-,-,509,
00200,            ,            ,  ,,161,,592,自転車小売業,"21,903","15,962","5,941","21,416","15,581","5,835","9,433","7,431","2,002","1,063",391,"7,979","6,368","1,611","3,911",603,"2,457","1,008",234,60,7,-,71,6,7,3,"2,539","11,983","8,150","3,833","6,636",317,442,"1,964","2,624","1,072","1,552",875,"1,309",197,243,79,38,9,2,4,1,2,-,418,
00200,            ,            ,  ,,162,,593,機械器具小売業(自動車，自転車を除く),"240,580","143,662","96,918","228,775","137,470","91,305","194,185","116,546","77,639","13,604","5,584","174,997","102,942","72,055","77,338","34,716","25,604","37,339","2,102","1,885",189,62,"1,429",633,"1,797","2,888","49,678","34,590","20,924","13,666","14,718",623,"1,071","5,280","12,898","5,135","7,763","4,132","5,921","1,003","1,842","1,076",276,35,12,9,4,3,1,"2,567",
00200,            ,            ,  ,,163,,5931,電気機械器具小売業(中古品を除く),"195,207","112,994","82,213","185,391","108,087","77,304","155,288","90,014","65,274","10,198","4,293","140,797","79,816","60,981","58,623","28,203","21,193","32,778","1,545","1,513",86,27,892,525,"1,640","2,679","43,254","30,103","18,073","12,030","12,847",503,888,"4,690","11,175","4,338","6,837","3,542","5,321",796,"1,516",937,226,29,12,7,4,1,1,"2,113",
00200,            ,            ,  ,,164,,5932,電気事務機械器具小売業(中古品を除く),"14,787","10,098","4,689","14,077","9,672","4,405","13,381","9,229","4,152",903,364,"12,114","8,326","3,788","5,110","1,558","3,216","2,230",341,221,27,9,48,9,56,55,"3,502",696,443,253,306,8,26,102,254,111,143,87,98,24,45,11,8,4,-,-,-,1,-,59,
00200,            ,            ,  ,,165,,5933,中古電気製品小売業,"2,576","1,898",678,"2,474","1,822",652,"1,754","1,316",438,186,61,"1,507","1,130",377,802,139,328,238,22,10,3,3,16,6,2,-,457,720,506,214,282,30,34,82,292,190,102,93,45,97,57,39,13,-,-,-,-,-,-,123,
00200,            ,            ,  ,,166,,5939,その他の機械器具小売業,"28,010","18,672","9,338","26,833","17,889","8,944","23,762","15,987","7,775","2,317",866,"20,579","13,670","6,909","12,803","4,816",867,"2,093",194,141,73,23,473,93,99,154,"2,465","3,071","1,902","1,169","1,283",82,123,406,"1,177",496,681,410,457,86,224,89,29,2,-,2,-,1,-,272,
00200,            ,            ,  ,,167,,60,その他の小売業,"1,958,718","891,405","1,067,313","1,845,501","846,453","999,048","1,546,156","698,342","847,814","90,541","52,023","1,403,592","607,801","795,791","342,975","241,335","264,826","554,456","32,898","54,109","1,719","1,421","4,290","4,504","3,456","3,403","556,391","299,345","148,111","151,234","76,684","31,931","9,557","30,352","150,821","61,870","88,951","25,756","37,125","36,114","51,826","6,111","7,620",284,254,135,153,65,151,"54,650",
00200,            ,            ,  ,,168,,601,家具・建具・畳小売業,"61,373","35,371","26,002","59,605","34,331","25,274","40,582","21,563","19,019","5,124","2,380","33,078","16,439","16,639","13,185","7,757","3,254","8,882",569,531,37,36,56,25,9,30,"10,198","19,023","12,768","6,255","8,982",615,801,"2,544","6,081","2,985","3,096","2,533","2,362",452,734,449,182,17,13,3,1,8,8,"1,096",
00200,            ,            ,  ,,169,,6011,家具小売業,"32,910","17,005","15,905","31,948","16,477","15,471","27,726","14,010","13,716","2,699","1,264","23,763","11,311","12,452","8,593","5,332","2,718","7,120",363,344,13,16,44,23,3,18,"8,200","4,222","2,467","1,755","1,651",233,166,664,"1,508",650,858,524,608,126,250,132,74,9,11,1,-,7,2,339,
00200,            ,            ,  ,,170,,6012,建具小売業,"5,745","4,065","1,680","5,582","3,943","1,639","2,165","1,511",654,569,205,"1,391",942,449,844,272,98,177,62,19,4,-,6,-,3,5,233,"3,417","2,432",985,"1,816",38,133,519,911,483,428,416,349,67,79,58,13,3,2,-,1,-,5,139,
00200,            ,            ,  ,,171,,6013,畳小売業,"10,215","7,566","2,649","9,978","7,377","2,601","1,618","1,147",471,522,179,917,625,292,548,156,77,136,27,11,-,-,-,-,2,-,177,"8,360","6,230","2,130","4,494",86,371,943,"2,466","1,365","1,101","1,199",914,166,187,160,36,3,-,2,-,1,1,335,
00200,            ,            ,  ,,172,,6014,宗教用具小売業,"12,503","6,735","5,768","12,097","6,534","5,563","9,073","4,895","4,178","1,334",732,"7,007","3,561","3,446","3,200","1,997",361,"1,449",117,157,20,20,6,2,1,7,"1,588","3,024","1,639","1,385","1,021",258,131,418,"1,196",487,709,394,491,93,218,99,59,2,-,-,-,-,-,283,
00200,            ,            ,  ,,173,,602,じゅう器小売業,"35,161","15,819","19,342","34,188","15,500","18,688","20,904","8,938","11,966","3,128","1,664","16,112","5,810","10,302","4,289","3,548","1,521","6,754",156,361,22,14,31,27,26,84,"6,567","13,284","6,562","6,722","4,841","1,903",582,"2,411","3,547","1,139","2,408",900,"1,568",239,840,127,197,5,3,5,1,1,1,929,
00200,            ,            ,  ,,174,,6021,金物小売業,"14,872","8,220","6,652","14,599","8,092","6,507","8,923","4,947","3,976","1,699",804,"6,420","3,248","3,172","2,386","1,352",862,"1,820",76,93,12,2,9,5,4,5,"2,061","5,676","3,145","2,531","2,303",470,249,"1,039","1,615",593,"1,022",483,760,110,262,49,44,2,-,3,-,1,-,334,
00200,            ,            ,  ,,175,,6022,荒物小売業,"7,231","2,754","4,477","7,021","2,691","4,330","4,373","1,535","2,838",495,246,"3,632","1,040","2,592",693,629,347,"1,963",26,90,2,1,-,2,12,32,"1,914","2,648","1,156","1,492",875,538,124,497,614,157,457,112,268,45,189,27,23,1,-,1,1,-,-,194,
00200,            ,            ,  ,,176,,6023,陶磁器・ガラス器小売業,"10,193","3,637","6,556","9,766","3,524","6,242","5,572","1,622","3,950",681,465,"4,426",941,"3,485",731,"1,119",210,"2,366",49,150,2,6,18,17,5,41,"2,043","4,194","1,902","2,292","1,407",803,184,756,"1,044",311,733,236,414,75,319,44,115,2,3,1,-,-,-,337,
00200,            ,            ,  ,,177,,6029,他に分類されないじゅう器小売業,"2,865","1,208","1,657","2,802","1,193","1,609","2,036",834,"1,202",253,149,"1,634",581,"1,053",479,448,102,605,5,28,6,5,4,3,5,6,549,766,359,407,256,92,25,119,274,78,196,69,126,9,70,7,15,-,-,-,-,-,1,64,
00200,            ,            ,  ,,178,,603,医薬品・化粧品小売業,"472,966","113,082","359,884","447,875","107,937","339,938","405,828","97,550","308,278","18,559","15,640","371,629","78,991","292,638","53,784","124,225","25,207","168,413","4,129","15,539",291,589,876,"1,754",270,"1,509","141,286","42,047","10,387","31,660","6,778","9,232",903,"2,798","22,336","2,706","19,630","1,874","8,211",832,"11,419",167,"1,613",33,100,17,107,10,113,"9,161",
00200,            ,            ,  ,,179,,6031,ドラッグストア,"154,290","42,696","111,594","144,321","40,005","104,316","141,694","38,980","102,714","1,205",977,"139,512","37,775","101,737","19,989","18,335","17,786","83,402","2,415","6,920",9,14,243,225,26,102,"72,834","2,627","1,025","1,602",707,374,74,260,"1,212",244,968,167,484,77,484,15,38,1,-,2,3,-,4,464,
00200,            ,            ,  ,,180,,6032,医薬品小売業(調剤薬局を除く),"31,247","9,998","21,249","28,965","9,602","19,363","21,431","6,711","14,720","2,484","2,089","16,858","4,227","12,631","3,075","5,478","1,152","7,153",368,"1,744",30,42,13,35,9,40,"5,611","7,534","2,891","4,643","2,111","1,708",309,952,"2,454",471,"1,983",330,"1,132",141,851,41,113,10,13,4,5,1,4,817,
00200,            ,            ,  ,,181,,6033,調剤薬局,"230,533","51,610","178,923","222,611","50,076","172,535","208,685","46,050","162,635","13,237","10,357","185,091","32,813","152,278","28,051","88,995","4,762","63,283",887,"4,229",247,468,601,"1,300",218,969,"50,307","13,926","4,026","9,900","2,323","1,342",202,495,"9,564","1,501","8,063","1,073","3,388",428,"4,675",78,353,13,34,8,21,2,18,"3,670",
00200,            ,            ,  ,,182,,6034,化粧品小売業,"56,896","8,778","48,118","51,978","8,254","43,724","34,018","5,809","28,209","1,633","2,217","30,168","4,176","25,992","2,669","11,417","1,507","14,575",459,"2,646",5,65,19,194,17,398,"12,534","17,960","2,445","15,515","1,637","5,808",318,"1,091","9,106",490,"8,616",304,"3,207",186,"5,409",33,"1,109",9,53,3,78,7,87,"4,210",
00200,            ,            ,  ,,183,,604,農耕用品小売業,"53,529","35,922","17,607","51,199","34,546","16,653","41,837","29,197","12,640","3,527","1,523","36,787","25,670","11,117","22,207","5,947","3,463","5,170",885,627,51,14,119,20,42,85,"7,306","9,362","5,349","4,013","3,395",532,398,"1,360","3,677","1,556","2,121","1,272","1,470",284,651,378,241,5,5,6,-,2,-,808,
00200,            ,            ,  ,,184,,6041,農業用機械器具小売業,"27,294","20,503","6,791","26,561","19,953","6,608","22,181","17,099","5,082","2,002",793,"19,386","15,097","4,289","13,600","2,839","1,497","1,450",305,142,15,5,80,9,18,10,"2,542","4,380","2,854","1,526","1,784",65,186,572,"1,773",884,889,741,735,143,154,161,32,5,5,4,-,2,-,275,
00200,            ,            ,  ,,185,,6042,苗・種子小売業,"6,430","2,913","3,517","5,799","2,644","3,155","3,128","1,433","1,695",426,249,"2,453","1,007","1,446",719,536,288,910,165,169,4,-,4,2,5,9,906,"2,671","1,211","1,460",799,316,107,428,"1,021",305,716,223,346,82,370,97,182,-,-,2,-,-,-,372,
00200,            ,            ,  ,,186,,6043,肥料・飼料小売業,"19,805","12,506","7,299","18,839","11,949","6,890","16,528","10,665","5,863","1,099",481,"14,948","9,566","5,382","7,888","2,572","1,678","2,810",415,316,32,9,35,9,19,66,"3,858","2,311","1,284","1,027",812,151,105,360,883,367,516,308,389,59,127,120,27,-,-,-,-,-,-,161,
00200,            ,            ,  ,,187,,605,燃料小売業,"274,659","203,513","71,146","257,190","190,266","66,924","234,840","177,492","57,348","21,093","8,778","204,969","156,399","48,570","100,297","22,298","56,102","26,272","9,366","3,517",623,144,"1,775",239,"2,208",316,"61,016","22,350","12,774","9,576","6,848",794,852,"2,543","11,313","5,074","6,239","4,016","4,698","1,058","1,541",507,294,24,12,25,9,13,3,"2,229",
00200,            ,            ,  ,,188,,6051,ガソリンスタンド,"182,939","141,694","41,245","168,790","130,392","38,398","160,432","125,388","35,044","10,730","4,288","145,414","114,658","30,756","63,237","11,048","51,421","19,708","8,233","2,539",310,73,"1,004",122,"2,133",160,"51,777","8,358","5,004","3,354","2,258",251,276,770,"4,803","2,470","2,333","1,820","1,675",650,658,234,95,11,2,13,5,6,1,"1,080",
00200,            ,            ,  ,,189,,6052,燃料小売業(ガソリンスタンドを除く),"91,720","61,819","29,901","88,400","59,874","28,526","74,408","52,104","22,304","10,363","4,490","59,555","41,741","17,814","37,060","11,250","4,681","6,564","1,133",978,313,71,771,117,75,156,"9,239","13,992","7,770","6,222","4,590",543,576,"1,773","6,510","2,604","3,906","2,196","3,023",408,883,273,199,13,10,12,4,7,2,"1,149",
00200,            ,            ,  ,,190,,606,書籍・文房具小売業,"381,433","196,897","184,536","365,133","189,398","175,735","284,248","144,191","140,057","11,026","6,648","266,574","133,165","133,409","36,774","15,893","96,391","117,516","5,095","6,174",298,191,362,283,124,341,"114,200","80,885","45,207","35,678","8,691","2,996","1,157","3,123","64,918","35,359","29,559","5,993","5,026","29,366","24,533","2,236","2,214",75,36,44,9,11,7,"27,091",
00200,            ,            ,  ,,191,,6061,書籍・雑誌小売業(古本を除く),"83,911","29,767","54,144","79,128","27,795","51,333","73,113","25,088","48,025","2,358","1,261","69,494","22,730","46,764","7,563","5,592","15,167","41,172","1,569","2,406",46,41,146,118,10,43,"34,805","6,015","2,707","3,308","1,638",625,279,731,"2,742",790,"1,952",425,810,365,"1,142",300,285,8,4,1,3,-,1,"1,136",
00200,            ,            ,  ,,192,,6062,古本小売業,"10,565","6,026","4,539","9,944","5,675","4,269","8,582","4,843","3,739",194,95,"8,293","4,649","3,644","1,145",446,"3,504","3,198",322,248,1,3,12,4,-,-,"5,120","1,362",832,530,607,96,39,197,423,186,237,98,119,88,118,17,21,-,-,1,-,-,-,166,
00200,            ,            ,  ,,193,,6063,新聞小売業,"259,339","150,905","108,434","249,614","146,007","103,607","183,391","107,396","75,995","6,210","3,995","173,186","101,186","72,000","24,492","6,236","76,694","65,764","2,996","2,993",199,72,137,48,106,81,"67,944","66,223","38,611","27,612","4,309",876,507,"1,088","59,443","33,795","25,648","5,015","3,164","28,780","22,484","1,864","1,795",58,22,41,3,11,1,"24,990",
00200,            ,            ,  ,,194,,6064,紙・文房具小売業,"27,618","10,199","17,419","26,447","9,921","16,526","19,162","6,864","12,298","2,264","1,297","15,601","4,600","11,001","3,574","3,619","1,026","7,382",208,527,52,75,67,113,8,217,"6,331","7,285","3,057","4,228","2,137","1,399",332,"1,107","2,310",588,"1,722",455,933,133,789,55,113,9,10,1,3,-,5,799,
00200,            ,            ,  ,,195,,607,スポーツ用品・がん具・娯楽用品・楽器小売業,"108,319","57,763","50,556","102,552","55,213","47,339","87,893","46,841","41,052","5,015","2,252","80,626","41,826","38,800","20,643","8,114","21,183","30,686","2,097","2,628",49,26,86,54,126,244,"35,450","14,659","8,372","6,287","5,872","1,194",555,"2,066","4,972","1,945","3,027","1,347","1,916",598,"1,111",296,325,12,9,3,1,3,-,"1,426",
00200,            ,            ,  ,,196,,6071,スポーツ用品小売業,"66,830","37,574","29,256","64,712","36,562","28,150","55,441","31,274","24,167","3,064","1,315","51,062","28,210","22,852","14,302","4,404","13,908","18,448",764,825,27,11,66,18,45,89,"20,442","9,271","5,288","3,983","3,762",661,326,"1,374","3,148","1,200","1,948",870,"1,264",330,684,166,191,4,7,1,1,1,-,870,
00200,            ,            ,  ,,197,,6072,がん具・娯楽用品小売業,"28,364","13,620","14,744","25,179","12,238","12,941","21,445","10,171","11,274","1,130",589,"19,726","9,041","10,685","3,646","1,955","5,395","8,730","1,244","1,630",13,4,16,3,49,80,"11,245","3,734","2,067","1,667","1,453",454,173,506,"1,148",441,707,270,430,171,277,87,94,4,-,1,-,2,-,364,
00200,            ,            ,  ,,198,,6073,楽器小売業,"13,125","6,569","6,556","12,661","6,413","6,248","11,007","5,396","5,611",821,348,"9,838","4,575","5,263","2,695","1,755","1,880","3,508",89,173,9,11,4,33,32,75,"3,763","1,654","1,017",637,657,79,56,186,676,304,372,207,222,97,150,43,40,4,2,1,-,-,-,192,
00200,            ,            ,  ,,199,,608,写真機・時計・眼鏡小売業,"69,351","35,241","34,110","67,875","34,767","33,108","57,211","28,149","29,062","4,019","2,877","50,315","24,130","26,185","19,377","10,603","4,753","15,582",214,650,50,193,207,287,55,194,"16,136","10,664","6,618","4,046","5,161",447,352,"1,561","3,143","1,105","2,038",984,"1,558",121,480,50,58,9,5,6,8,1,3,553,
00200,            ,            ,  ,,200,,6081,写真機・写真材料小売業,"5,609","2,060","3,549","5,323","1,918","3,405","4,743","1,575","3,168",293,125,"4,325","1,282","3,043",770,424,512,"2,619",32,33,5,7,114,114,-,-,"1,910",580,343,237,250,35,38,91,166,55,111,50,69,5,42,1,4,-,-,-,-,-,-,41,
00200,            ,            ,  ,,201,,6082,時計・眼鏡・光学機械小売業,"63,742","33,181","30,561","62,552","32,849","29,703","52,468","26,574","25,894","3,726","2,752","45,990","22,848","23,142","18,607","10,179","4,241","12,963",182,617,45,186,93,173,55,194,"14,226","10,084","6,275","3,809","4,911",412,314,"1,470","2,977","1,050","1,927",934,"1,489",116,438,49,54,9,5,6,8,1,3,512,
00200,            ,            ,  ,,202,,609,他に分類されない小売業,"501,927","197,797","304,130","459,884","184,495","275,389","372,813","144,421","228,392","19,050","10,261","343,502","125,371","218,131","72,419","42,950","52,952","175,181","10,387","24,082",298,214,778,"1,815",596,600,"164,232","87,071","40,074","46,997","26,116","14,218","3,957","11,946","30,834","10,001","20,833","6,837","10,316","3,164","10,517","1,901","2,496",104,71,26,17,16,16,"11,357",
00200,            ,            ,  ,,203,,6091,ホームセンター,"166,494","57,083","109,411","145,308","49,869","95,439","145,167","49,821","95,346",183,90,"144,894","49,638","95,256","25,043","5,950","24,595","89,306","6,850","13,788",14,12,88,10,289,184,"80,514",141,48,93,19,4,3,7,108,26,82,15,15,11,67,1,2,-,-,-,-,-,-,47,
00200,            ,            ,  ,,204,,6092,たばこ・喫煙具専門小売業,"19,376","7,130","12,246","19,113","7,062","12,051","1,976",831,"1,145",483,426,"1,067",348,719,228,273,120,446,34,74,1,16,3,5,-,-,439,"17,137","6,231","10,906","4,562","6,310","1,323","3,226","1,716",346,"1,370",242,766,104,604,43,134,16,6,4,1,1,3,652,
00200,            ,            ,  ,,205,,6093,花・植木小売業,"58,582","21,033","37,549","54,223","19,971","34,252","29,478","10,107","19,371","3,520","2,333","23,625","6,587","17,038","5,020","6,191","1,567","10,847",449,"1,780",28,30,20,36,19,44,"9,633","24,745","9,864","14,881","6,027","3,029",872,"2,858","11,959","2,965","8,994","1,926","3,792","1,039","5,202",629,"1,490",29,31,1,5,1,3,"5,208",
00200,            ,            ,  ,,206,,6094,建築材料小売業,"15,678","10,450","5,228","15,297","10,178","5,119","10,779","7,249","3,530","2,354",965,"7,460","4,895","2,565","4,249","1,609",646,956,160,83,24,10,37,7,4,7,"1,312","4,518","2,929","1,589","1,902",133,182,648,"1,653",845,808,721,634,124,174,106,21,14,-,2,-,1,1,278,
00200,            ,            ,  ,,207,,6095,ジュエリー製品小売業,"26,154","7,571","18,583","24,559","7,421","17,138","20,713","5,589","15,124","1,802","1,167","17,744","3,787","13,957","3,211","8,046",576,"5,911",92,350,15,9,37,939,13,126,"5,620","3,846","1,832","2,014","1,282",459,111,441,"1,553",439,"1,114",337,679,102,435,27,50,5,15,-,1,1,3,468,
00200,            ,            ,  ,,208,,6096,ペット・ペット用品小売業,"13,656","4,535","9,121","13,259","4,430","8,829","9,824","2,814","7,010",479,302,"9,043","2,335","6,708","1,450","2,160",885,"4,548",62,174,2,3,15,63,5,1,"4,137","3,435","1,616","1,819","1,133",423,166,435,"1,278",317,961,213,490,104,471,29,57,4,1,-,-,-,1,485,
00200,            ,            ,  ,,209,,6097,骨とう品小売業,"3,968","2,185","1,783","3,828","2,115","1,713","1,498",761,737,360,203,935,401,534,294,266,107,268,27,33,9,5,2,2,2,2,302,"2,330","1,354",976,"1,017",249,119,360,585,218,367,159,215,59,152,51,40,3,2,-,-,-,-,187,
00200,            ,            ,  ,,210,,6098,中古品小売業(骨とう品を除く),"22,409","11,679","10,730","21,298","11,129","10,169","18,104","9,455","8,649",664,327,"17,113","8,791","8,322","3,738","1,082","5,053","7,240",321,393,15,6,154,68,10,12,"8,351","3,194","1,674","1,520","1,069",510,98,293,"1,224",507,717,274,282,233,435,80,94,4,1,2,-,2,1,571,
00200,            ,            ,  ,,211,,6099,他に分類されないその他の小売業,"175,610","76,131","99,479","162,999","72,320","90,679","135,274","57,794","77,480","9,205","4,448","121,621","48,589","73,032","29,186","17,373","19,403","55,659","2,392","7,407",190,123,422,685,254,224,"53,924","27,725","14,526","13,199","9,105","3,101","1,083","3,678","10,758","4,338","6,420","2,950","3,443","1,388","2,977",935,608,29,15,17,10,10,4,"3,461",
00200,            ,            ,  ,,212,,61,無店舗小売業,"268,098","150,161","117,937","256,224","144,453","111,771","236,911","135,021","101,890","15,497","7,222","214,192","119,524","94,668","99,811","38,370","19,713","56,298","3,360","4,063","1,115",941,"2,493","1,069",534,"1,364","53,516","19,313","9,432","9,881","6,712","3,342",644,"2,224","6,391","2,076","4,315","1,221","1,885",855,"2,430",442,614,21,15,10,3,5,9,"2,413",
00200,            ,            ,  ,,213,,611,通信販売・訪問販売小売業,"183,922","97,169","86,753","176,632","94,287","82,345","164,468","88,672","75,796","10,900","5,392","148,176","77,772","70,404","65,972","29,919","11,800","40,485","1,433","3,080",890,712,"1,766",481,376,"1,107","37,332","12,164","5,615","6,549","4,238","2,211",355,"1,330","4,030","1,022","3,008",636,"1,288",386,"1,720",198,451,8,7,3,-,4,8,"1,582",
00200,            ,            ,  ,,214,,6111,無店舗小売業(各種商品小売),"2,721","1,544","1,177","2,547","1,513","1,034","2,538","1,508","1,030",69,21,"2,448","1,439","1,009","1,329",490,110,519,7,18,80,23,50,13,54,133,519,9,5,4,4,1,1,2,1,-,1,-,-,-,1,-,2,-,-,-,-,-,-,1,
00200,            ,            ,  ,,215,,6112,無店舗小売業(織物・衣服・身の回り品小売),"19,474","8,114","11,360","18,896","8,002","10,894","17,520","7,325","10,195","1,263",564,"15,693","6,062","9,631","5,211","4,325",851,"5,306",108,287,234,217,147,85,80,262,"4,995","1,376",677,699,565,250,40,216,305,72,233,48,115,24,118,8,49,-,-,1,-,2,-,129,
00200,            ,            ,  ,,216,,6113,無店舗小売業(飲食料品小売),"58,582","23,758","34,824","56,389","23,165","33,224","52,980","21,835","31,145","1,818","2,043","49,119","20,017","29,102","14,663","9,425","5,354","19,677",402,"1,342",169,147,210,145,106,179,"16,486","3,409","1,330","2,079",971,"1,053",112,431,842,247,595,119,247,128,348,44,80,1,-,1,-,-,1,356,
00200,            ,            ,  ,,217,,6114,無店舗小売業(機械器具小売),"34,159","25,072","9,087","32,859","23,902","8,957","31,132","22,690","8,442","2,824",820,"27,488","19,866","7,622","18,259","4,512","1,607","3,110",221,185,117,226,946,46,49,98,"3,701","1,727","1,212",515,972,21,55,262,417,185,232,117,159,68,73,72,28,3,1,-,-,2,-,132,
00200,            ,            ,  ,,218,,6119,無店舗小売業(その他の小売),"68,986","38,681","30,305","65,941","37,705","28,236","60,298","35,314","24,984","4,926","1,944","53,428","30,388","23,040","26,510","11,167","3,878","11,873",695,"1,248",290,99,413,192,87,435,"11,631","5,643","2,391","3,252","1,726",886,147,419,"2,465",518,"1,947",352,767,166,"1,180",74,292,4,6,1,-,-,7,964,
00200,            ,            ,  ,,219,,612,自動販売機による小売業,"23,620","19,515","4,105","22,858","18,833","4,025","20,717","17,855","2,862",554,240,"19,923","17,301","2,622","15,021",994,"2,280","1,628",356,115,33,78,271,12,77,12,"3,346","2,141",978,"1,163",767,728,132,328,186,79,107,47,56,32,51,15,19,5,-,1,-,-,-,66,
00200,            ,            ,  ,,220,,619,その他の無店舗小売業,"60,556","33,477","27,079","56,734","31,333","25,401","51,726","28,494","23,232","4,043","1,590","46,093","24,451","21,642","18,818","7,457","5,633","14,185","1,571",868,192,151,456,576,81,245,"12,838","5,008","2,839","2,169","1,707",403,157,566,"2,175",975,"1,200",538,541,437,659,229,144,8,8,6,3,1,1,765,
,,,,,,,,,,,,,,,,,,,,,,,,,,,,,,,,,,,,,,,,,,,,,,,,,,,,,,,,,,,
,,,,,,,注1）,「従業者」とは「個人事業主」、「無給家族従業者」、「有給役員」、「常用雇用者」の計をいい、「従業者」に「臨時雇用者」と「他からの出向・派遣従業者」を合わせ「従業者・臨時雇用者のうち他への出向・派遣従業者」を除いたものを「就業者」とする。,,,,,,,,,,,,,,,,,,,,,,,,,,,,,,,,,,,,,,,,,,,,,,,,,,,
,,,,,,,注2）,「法人」には「外国の会社」を含める。,,,,,,,,,,,,,,,,,,,,,,,,,,,,,,,,,,,,,,,,,,,,,,,,,,,
,,,,,,,注3）,「個人」には「法人でない団体」を含める。,,,,,,,,,,,,,,,,,,,,,,,,,,,,,,,,,,,,,,,,,,,,,,,,,,,
,,,,,,,,,,,,,,,,,,,,,,,,,,,,,,,,,,,,,,,,,,,,,,,,,,,,,,,,,,,
